Datetime,DeviceId,N,P,K,EC,pH,Temperature_C,Pressure_hPa,Humidity_pct,Light_lux
"Wed, 2026-05-20 03:05:22",4,8.11,43.16,25.34,186.0,6.76,24.94,1012.61,49.98,10.44
"Wed, 2026-05-20 03:06:24",5,12.17,47.19,36.33,180.0,6.83,25.02,1012.61,49.18,6.48
"Wed, 2026-05-20 03:07:58",5,12.56,57.93,20.77,179.0,6.76,24.6,1012.53,49.33,8.28
"Wed, 2026-05-20 03:08:55",5,32.0,57.95,25.1,159.0,6.87,24.21,1012.57,49.75,4.73
"Wed, 2026-05-20 03:11:26",4,10.82,60.64,37.55,194.0,7.29,24.92,1012.56,49.25,5.59
"Wed, 2026-05-20 03:12:28",5,3.19,51.7,19.42,184.0,6.97,24.79,1012.53,48.0,16.11
"Wed, 2026-05-20 03:13:31",5,10.91,67.97,49.25,199.0,7.12,24.53,1012.55,50.08,4.3
"Wed, 2026-05-20 03:14:31",4,10.99,38.5,15.52,124.0,7.18,24.78,1012.61,48.43,13.1
"Wed, 2026-05-20 03:16:00",5,7.25,58.63,16.04,139.0,6.78,24.75,1012.64,49.62,14.2
"Wed, 2026-05-20 03:16:59",4,8.88,50.52,8.4,225.0,6.83,25.0,1012.53,49.92,10.58
"Wed, 2026-05-20 03:18:03",5,9.77,53.48,31.71,149.0,7.12,24.81,1012.46,,8.89
"Wed, 2026-05-20 03:18:59",5,6.41,61.91,30.45,200.0,6.87,24.77,1012.64,48.69,6.18
"Wed, 2026-05-20 03:20:00",5,13.54,62.36,84.96,120.0,7.11,24.75,1012.64,48.63,12.3
"Wed, 2026-05-20 03:21:23",4,11.14,68.27,13.38,164.0,7.28,24.86,1012.56,51.0,11.51
"Wed, 2026-05-20 03:22:24",4,11.45,52.59,37.46,147.0,6.72,24.82,1012.65,51.18,9.37
"Wed, 2026-05-20 03:23:19",4,9.34,49.77,31.22,152.0,6.92,24.72,,,4.23
"Wed, 2026-05-20 03:25:27",5,15.84,46.34,36.34,180.0,6.94,24.85,1012.49,49.94,4.66
"Wed, 2026-05-20 03:26:30",4,12.9,27.98,79.8,203.0,6.88,24.75,1012.46,49.76,2.54
"Wed, 2026-05-20 03:27:27",5,11.95,69.61,25.69,189.0,6.87,24.5,1012.46,50.15,64.91
"Wed, 2026-05-20 03:28:28",4,,50.66,26.97,203.0,6.89,24.9,1012.54,49.06,0.0
"Wed, 2026-05-20 03:29:24",4,13.43,59.38,13.13,163.0,6.98,24.88,1012.51,48.12,12.9
"Wed, 2026-05-20 03:30:23",5,16.64,60.54,,226.0,7.01,24.84,1012.51,49.54,11.72
"Wed, 2026-05-20 03:31:28",5,14.26,35.74,7.36,208.0,7.15,24.76,1012.53,49.55,10.44
"Wed, 2026-05-20 03:32:23",5,14.48,41.53,25.52,166.0,6.98,24.81,1012.59,50.4,43.73
"Wed, 2026-05-20 03:33:23",5,14.28,69.63,26.98,170.0,7.18,24.91,1012.51,50.66,11.32
"Wed, 2026-05-20 03:34:25",5,7.4,55.8,30.39,165.0,6.87,24.74,1012.5,48.31,6.99
"Wed, 2026-05-20 03:35:25",5,9.25,41.25,26.87,183.0,6.76,24.92,1012.51,49.56,12.15
"Wed, 2026-05-20 03:36:30",5,11.68,53.73,13.84,149.0,6.92,24.64,1012.6,49.53,6.14
"Wed, 2026-05-20 03:38:03",4,11.12,64.21,34.46,,7.06,24.84,,50.35,14.43
"Wed, 2026-05-20 03:38:59",5,8.83,65.06,116.07365075293612,119.0,7.13,24.82,1012.56,48.85,4.1
"Wed, 2026-05-20 03:40:24",5,6.09,37.37,32.12,164.0,7.24,24.94,1012.63,47.92,9.57
"Wed, 2026-05-20 03:42:23",4,6.62,73.19,32.66,187.0,7.03,24.71,1012.71,49.6,9.57
"Wed, 2026-05-20 03:43:22",5,11.9,67.17,22.13,170.0,7.12,24.72,1012.58,50.3,9.07
"Wed, 2026-05-20 03:44:24",5,0.0,43.36,26.58,171.0,7.23,24.65,1012.57,48.65,8.06
"Wed, 2026-05-20 03:45:20",5,10.18,37.14,28.87,180.0,6.84,24.75,1012.47,49.64,3.71
"Wed, 2026-05-20 03:46:23",4,9.93,69.34,5.12,158.0,6.94,24.85,1012.56,51.9,11.09
"Wed, 2026-05-20 03:47:26",5,11.6,60.38,8.58,174.0,7.48,24.6,1012.54,49.07,6.73
"Wed, 2026-05-20 03:48:24",5,17.02,41.99,2.56,196.0,7.13,24.76,1012.59,49.78,8.26
"Wed, 2026-05-20 03:49:27",4,11.26,55.63,18.48,173.0,7.07,24.89,1012.52,49.42,13.71
"Wed, 2026-05-20 03:50:22",5,15.8,92.17,19.71,198.0,7.14,24.8,1012.55,48.86,10.17
"Wed, 2026-05-20 03:51:18",4,12.33,52.95,8.54,213.0,6.74,24.82,1012.58,49.47,12.9
"Wed, 2026-05-20 03:52:20",4,8.55,40.9,22.47,0.0,6.86,24.64,1012.65,48.25,4.29
"Wed, 2026-05-20 03:53:20",5,13.29,39.85,22.35,,6.8,24.8,1012.63,49.62,4.49
"Wed, 2026-05-20 03:54:21",5,9.36,72.83,33.12,165.0,7.05,24.82,1012.62,49.24,7.28
"Wed, 2026-05-20 03:55:22",5,13.39,61.79,39.62,222.0,6.91,24.8,1012.58,49.84,11.63
"Wed, 2026-05-20 03:56:25",4,11.61,146.01,37.74,195.0,7.0,24.83,1012.51,51.2,12.78
"Wed, 2026-05-20 03:57:23",5,15.26,57.86,28.82,178.0,6.92,24.78,1012.58,50.55,13.05
"Wed, 2026-05-20 03:58:28",4,8.89,72.92,17.12,154.0,6.69,24.76,1013.0601398690962,51.58,9.57
"Wed, 2026-05-20 03:59:25",5,14.14,46.13,21.89,171.0,7.14,24.69,1012.53,49.84,5.64
"Wed, 2026-05-20 04:00:33",4,16.53,54.8,29.95,199.0,6.66,24.93,1012.65,49.7,6.89
"Wed, 2026-05-20 04:01:30",4,18.02,60.49,22.05,177.0,6.85,24.67,1012.57,48.3,10.23
"Wed, 2026-05-20 04:02:35",5,11.65,75.68,42.99,161.0,,24.83,1012.55,49.14,1.97
"Wed, 2026-05-20 04:03:33",4,14.98,53.81,25.62,158.0,6.82,25.03,1012.56,50.33,10.99
"Wed, 2026-05-20 04:04:33",5,15.13,45.74,27.75,203.0,7.02,24.95,1012.54,49.42,12.61
"Wed, 2026-05-20 04:05:36",4,20.5,83.76,15.99,425.0,7.2,24.08,1012.41,50.0,6.5
"Wed, 2026-05-20 04:06:35",5,9.46,70.01,10.71,0.0,6.7,24.85,1012.46,49.16,10.77
"Wed, 2026-05-20 04:07:38",5,11.54,69.91,16.24,25.0,6.88,24.8,1012.58,49.44,8.64
"Wed, 2026-05-20 04:08:34",5,35.45332075904547,82.12,20.22,399.0,6.66,24.71,1012.49,49.98,3.53
"Wed, 2026-05-20 04:09:29",4,14.56,86.92,0.82,233.0,6.87,24.79,1012.53,50.8,6.37
"Wed, 2026-05-20 04:10:31",5,8.35,78.74,10.2,200.0,6.99,24.88,1012.47,48.57,10.23
"Wed, 2026-05-20 04:11:27",5,13.01,96.28,41.15,167.0,7.12,24.86,1012.5,49.71,12.7
"Wed, 2026-05-20 04:12:27",4,9.06,75.57,26.45,194.0,6.6,24.91,1012.54,49.06,8.12
"Wed, 2026-05-20 04:13:29",4,16.17,72.05,21.91,202.0,7.08,24.96,1012.6,50.13,5.89
"Wed, 2026-05-20 04:14:26",5,18.13,78.52,24.45,194.0,6.8,24.8,1012.61,50.3,
"Wed, 2026-05-20 04:15:24",4,12.23,58.43,4.0,174.0,6.76,24.84,1012.5,48.72,10.22
"Wed, 2026-05-20 04:16:29",5,13.8,76.25,33.66,196.0,6.99,24.59,1012.56,56.61,8.41
"Wed, 2026-05-20 04:17:24",5,18.77,45.91,34.58,137.0,7.09,25.09,1012.46,49.95,12.25
"Wed, 2026-05-20 04:20:58",4,8.75,61.94,22.35,150.0,6.96,24.77,1012.54,43.66,6.08
"Wed, 2026-05-20 04:22:02",5,,,0.56,191.0,6.78,24.89,1012.6,50.24,13.88
"Wed, 2026-05-20 04:23:05",5,14.98,63.87,16.36,181.0,6.96,24.77,1012.54,48.95,8.84
"Wed, 2026-05-20 04:24:10",4,14.47,,122.88,159.0,6.85,25.95,1012.62,50.48,3.3
"Wed, 2026-05-20 04:25:13",5,14.91,94.51,25.58,144.0,7.09,,1012.59,49.33,8.87
"Wed, 2026-05-20 04:26:12",4,13.71,82.65,11.29,149.0,7.17,24.67,1012.56,47.87,12.29
"Wed, 2026-05-20 04:27:11",5,16.85,56.86,47.8,198.0,7.16,24.52,1012.53,50.99,13.59
"Wed, 2026-05-20 04:28:15",5,15.65,57.08,6.37,204.0,6.98,24.96,1012.51,48.79,17.25
"Wed, 2026-05-20 04:29:17",4,17.7,56.24,23.45,135.0,7.18,24.88,1012.45,49.43,9.23
"Wed, 2026-05-20 04:30:15",5,17.04,81.0,9.47,215.0,6.8,24.71,1012.46,49.35,
"Wed, 2026-05-20 04:31:15",4,17.16,62.84,10.38,161.0,7.3,24.87,1012.6,50.54,8.33
"Wed, 2026-05-20 04:32:19",5,11.44,42.77,18.6,182.0,6.79,24.91,1012.63,,9.64
"Wed, 2026-05-20 04:33:21",4,20.01,67.5,34.23,147.0,6.61,24.73,1012.48,49.17,
"Wed, 2026-05-20 04:34:20",5,15.5,70.81,33.16,196.0,7.23,24.87,1012.54,50.32,11.78
"Wed, 2026-05-20 04:35:16",5,16.16,81.93,20.19,188.0,6.85,24.94,1012.45,49.94,12.18
"Wed, 2026-05-20 04:36:18",5,20.49,67.32,70.7,202.0,7.44,24.64,1012.48,48.71,5.85
"Wed, 2026-05-20 04:37:21",5,14.38,61.22,29.74,231.0,7.34,24.88,1012.56,50.05,6.34
"Wed, 2026-05-20 04:38:16",5,21.71,99.04,32.75,195.0,7.29,24.86,1012.51,49.86,2.3
"Wed, 2026-05-20 04:39:18",5,22.12,62.82,24.22,171.0,7.03,25.04,1012.43,49.34,7.82
"Wed, 2026-05-20 04:40:14",5,19.78,76.73,29.24,197.0,7.19,24.88,1012.64,50.96,8.8
"Wed, 2026-05-20 04:41:17",5,13.79,55.68,25.68,234.0,7.01,24.77,1012.54,50.08,7.23
"Wed, 2026-05-20 04:42:33",5,9.65,72.25,29.65,202.0,7.22,24.78,1012.47,50.28,10.04
"Wed, 2026-05-20 04:43:32",5,32.0,50.52,22.35,209.0,6.94,25.06,1012.55,50.3,13.0
"Wed, 2026-05-20 04:44:30",4,18.0,62.16,93.79,134.0,7.3,24.77,1012.54,48.98,6.33
"Wed, 2026-05-20 04:45:26",5,14.94,49.21,43.48,195.0,6.93,24.89,1012.57,,11.86
"Wed, 2026-05-20 04:46:31",5,17.464843779172508,56.9,20.27,,6.95,24.79,1012.52,49.91,12.93
"Wed, 2026-05-20 04:47:26",4,17.35,78.13,22.59,173.0,6.93,24.95,1012.56,48.43,8.72
"Wed, 2026-05-20 04:48:21",4,17.88,53.37,25.64,,7.05,,,49.59,7.03
"Wed, 2026-05-20 04:49:20",5,19.7,74.73,16.48,188.0,6.94,24.81,1012.46,49.73,13.51
"Wed, 2026-05-20 04:50:25",5,14.05,82.17,33.05,170.0,7.1,24.77,1012.5,50.07,
"Wed, 2026-05-20 04:51:28",4,15.18,64.48,23.13,203.0,6.93,24.76,1012.59,50.54,3.67
"Wed, 2026-05-20 04:52:25",4,21.55,75.52,18.66,212.0,7.16,24.13,1012.51,51.02,5.27
"Wed, 2026-05-20 04:53:29",5,21.48,69.29,38.23,203.0,7.29,24.03,1012.54,49.73,13.95
"Wed, 2026-05-20 04:54:28",5,17.53,67.58,13.501120642329266,191.0,7.03,23.9,1012.51,49.55,6.53
"Wed, 2026-05-20 04:55:34",5,9.33,73.25,15.49,195.0,7.41,24.15,1012.52,50.65,6.87
"Wed, 2026-05-20 04:56:38",5,13.64,,26.24,210.0,9.5,24.16,1012.51,49.88,11.19
"Wed, 2026-05-20 04:57:36",5,20.18,55.78,24.09,199.0,7.4,24.17,1012.47,49.43,8.96
"Wed, 2026-05-20 04:58:32",5,12.08,53.4,27.09,185.0,7.0,24.01,1012.57,48.63,8.87
"Wed, 2026-05-20 04:59:29",4,17.23,47.78,32.27,129.0,6.72,24.17,1012.6,50.29,6.2
"Wed, 2026-05-20 05:00:31",5,18.69,,37.38,198.0,6.89,24.1,1012.53,49.37,12.07
"Wed, 2026-05-20 05:01:29",4,23.39,78.83,17.81,178.0,6.91,24.23,1012.6,49.63,3.08
"Wed, 2026-05-20 05:02:41",4,16.62,56.46,22.85,176.0,6.84,24.01,1012.51,49.93,5.95
"Wed, 2026-05-20 05:03:38",5,15.26,34.0,24.46,195.0,6.62,24.26,1012.51,49.77,5.23
"Wed, 2026-05-20 05:04:33",5,17.32,24.67,33.24,219.0,7.2,25.1,1012.57,48.71,49.54
"Wed, 2026-05-20 05:05:31",4,19.15,30.38,30.54,235.0,6.68,24.14,1012.57,49.67,5.34
"Wed, 2026-05-20 05:07:30",5,16.97,20.22,23.94,162.0,7.18,24.17,1012.53,48.77,9.88
"Wed, 2026-05-20 05:08:27",5,21.18,46.53,29.73,,7.41,24.22,1012.58,50.13,5.69
"Wed, 2026-05-20 05:09:32",4,13.27,34.62,21.21,190.0,6.87,24.0,1012.46,49.3,7.54
"Wed, 2026-05-20 05:10:36",4,20.02,45.05,58.44,212.0,7.08,24.07,1012.52,50.33,4.9
"Wed, 2026-05-20 05:11:58",4,21.04,27.65,59.06,151.0,6.94,25.3,1012.6,49.68,7.12
"Wed, 2026-05-20 05:12:58",5,16.11,32.39,50.86,185.0,7.16,24.37,1012.6,49.63,12.61
"Wed, 2026-05-20 05:13:53",5,20.45,38.76,42.32,,6.8,23.98,1012.59,49.84,51.45
"Wed, 2026-05-20 05:16:37",5,18.03,44.59,42.34,155.0,6.99,24.32,1012.6,49.77,11.33
"Wed, 2026-05-20 05:17:41",4,19.06,53.14,60.58,137.0,7.22,24.1,1012.52,50.71,7.7
"Wed, 2026-05-20 05:19:01",5,18.19,37.71,37.63,169.0,7.01,24.12,,,8.01
"Wed, 2026-05-20 05:20:05",5,18.83,31.0,36.18,180.0,6.72,24.27,1012.53,49.87,8.0
"Wed, 2026-05-20 05:21:00",5,15.29,22.62,58.23,203.0,7.24,24.37,1012.84,49.29,6.77
"Wed, 2026-05-20 05:22:03",4,14.95,25.74,48.42,169.0,6.78,24.18,1012.59,51.37,10.98
"Wed, 2026-05-20 05:23:07",5,21.79,43.5,49.85,187.0,7.03,24.26,1012.51,49.1,3.46
"Wed, 2026-05-20 05:24:03",5,19.73,38.35,46.33,241.0,7.12,24.01,1012.48,50.41,15.41
"Wed, 2026-05-20 05:24:58",4,16.38,20.95,39.6,,7.04,24.06,1012.49,48.35,12.47
"Wed, 2026-05-20 05:26:03",4,21.44,23.2,54.13,160.0,7.47,23.96,1012.51,49.22,8.19
"Wed, 2026-05-20 05:26:58",4,7.65,10.31,41.55,219.0,7.15,24.06,1012.43,49.1,13.33
"Wed, 2026-05-20 05:28:02",4,14.21,0.0,43.75,231.0,6.98,24.19,1012.51,49.78,5.75
"Wed, 2026-05-20 05:29:01",5,20.87,30.55,56.13,196.0,7.12,24.15,1012.54,49.46,11.69
"Wed, 2026-05-20 05:30:45",4,18.3,55.85,52.22,252.0,7.05,24.33,1012.53,51.78,6.41
"Wed, 2026-05-20 05:31:43",4,17.78,54.61,48.21,196.0,7.02,24.37,1012.52,49.44,11.39
"Wed, 2026-05-20 05:32:41",5,6.95,27.64,28.09,136.0,7.06,24.11,1012.5,50.04,4.41
"Wed, 2026-05-20 05:36:45",4,17.1,,56.87,181.0,,24.04,1012.51,50.37,0.93
"Wed, 2026-05-20 05:37:45",4,16.21,17.33,51.44,138.0,7.05,24.26,1012.51,48.78,1.4
"Wed, 2026-05-20 05:38:41",5,19.14,17.14,49.27,220.0,6.92,24.28,1012.58,49.74,2.84
"Wed, 2026-05-20 05:39:38",4,19.19,22.49,41.78,207.0,6.67,24.18,1012.54,49.94,0.26
"Wed, 2026-05-20 05:40:43",4,16.09,34.02,53.14,160.0,7.22,24.21,1012.73,48.21,0.59
"Wed, 2026-05-20 05:41:39",4,16.48,35.04,108.64,,6.91,24.19,1012.52,48.6,0.52
"Wed, 2026-05-20 05:42:42",4,14.13,30.27,59.2,193.0,7.04,24.01,1012.57,50.5,1.94
"Wed, 2026-05-20 05:43:43",5,16.79,52.84,66.21,177.0,6.88,22.87,1012.52,49.5,1.76
"Wed, 2026-05-20 05:44:50",4,12.56,34.21,58.92,189.0,6.88,25.32,1012.52,49.27,2.6
"Wed, 2026-05-20 05:45:52",4,14.35,34.39,52.28,201.0,6.83,24.1,1012.63,50.28,2.14
"Wed, 2026-05-20 05:46:51",5,13.71,19.67,59.17,136.0,7.19,24.16,1012.6,49.44,0.0
"Wed, 2026-05-20 05:48:04",5,22.79,23.14,50.79,196.0,7.23,24.11,1012.44,49.36,2.84
"Wed, 2026-05-20 05:49:09",4,17.73,18.87,47.44,224.0,7.02,23.92,1012.48,49.83,2.8
"Wed, 2026-05-20 05:50:07",4,18.7,43.7,64.0,175.0,6.92,23.87,1012.53,47.21,1.65
"Wed, 2026-05-20 05:51:05",5,15.71,,40.88,202.0,6.71,24.21,1012.51,50.09,
"Wed, 2026-05-20 05:52:10",5,11.24,,57.33,188.0,7.16,24.05,1012.45,49.7,2.34
"Wed, 2026-05-20 05:53:47",5,20.78,36.46,71.45,166.0,6.89,24.1,1012.55,50.96,1.71
"Wed, 2026-05-20 05:54:42",4,11.64,21.57,55.2,174.0,6.81,24.06,1012.43,47.88,0.98
"Wed, 2026-05-20 05:55:46",4,15.65,56.18,45.35,178.0,7.02,,1012.55,52.08,0.19
"Wed, 2026-05-20 05:56:42",5,17.32,29.42,37.55,169.0,6.95,24.01,1012.58,,1.8
"Wed, 2026-05-20 05:57:37",5,18.31,47.99,27.26,147.0,6.74,24.25,1012.59,50.32,1.76
"Wed, 2026-05-20 05:58:42",5,14.96,43.41,71.84,,6.77,24.1,1012.53,49.59,0.23
"Wed, 2026-05-20 06:00:35",4,9.73,20.7,53.2,,,24.2,1012.63,51.09,2.71
"Wed, 2026-05-20 06:01:38",5,14.7,36.09,45.07,155.0,6.9,24.22,1012.56,50.26,0.38
"Wed, 2026-05-20 06:02:42",4,15.14,39.58,54.9,211.0,7.11,24.16,1012.59,49.21,0.78
"Wed, 2026-05-20 06:03:37",5,14.8,35.31,38.87,205.0,7.04,24.22,1012.5,49.86,0.99
"Wed, 2026-05-20 06:04:59",5,20.9,44.22,47.09,186.0,7.2,24.13,1012.63,50.31,2.04
"Wed, 2026-05-20 06:06:02",5,13.26,18.48,45.34,159.0,6.86,24.29,1012.54,49.8,0.04
"Wed, 2026-05-20 06:07:05",4,20.81,36.84,37.96,206.0,7.06,24.22,1012.64,50.29,2.11
"Wed, 2026-05-20 06:08:49",5,18.06,28.5,31.22,211.0,7.13,24.24,1012.62,49.4,1.16
"Wed, 2026-05-20 06:09:47",5,20.87,40.39,122.32,241.0,6.9,24.01,1012.56,50.35,0.33
"Wed, 2026-05-20 06:10:46",5,17.04,46.61,65.4,221.0,7.22,24.16,1012.57,49.51,0.0
"Wed, 2026-05-20 06:11:42",4,21.91,45.63,40.34,146.0,6.71,23.9,1012.53,49.38,1.46
"Wed, 2026-05-20 06:13:29",5,16.9,41.03,60.8,52.0,6.86,24.29,1012.49,49.89,1.52
"Wed, 2026-05-20 06:14:29",4,20.8,43.03,62.12,194.0,6.71,24.05,1012.86,50.54,0.22
"Wed, 2026-05-20 06:15:26",4,9.86,39.41,50.42,179.0,6.88,24.07,1012.57,50.49,1.61
"Wed, 2026-05-20 06:16:30",4,8.96,50.75,44.21,179.0,6.99,23.96,1012.44,50.24,1.26
"Wed, 2026-05-20 06:17:33",4,14.72,33.44,59.52,219.0,7.16,24.12,1012.54,49.27,2.87
"Wed, 2026-05-20 06:18:33",4,21.17,36.86,49.96,210.0,6.99,24.09,1012.59,49.81,2.01
"Wed, 2026-05-20 06:19:34",5,19.17,31.06,66.12,160.0,6.91,24.34,1012.63,49.94,0.0
"Wed, 2026-05-20 06:21:00",4,15.34,30.57,75.66,158.0,6.74,24.23,1012.58,50.0,1.59
"Wed, 2026-05-20 06:21:58",4,19.42,22.75,,188.0,6.8,24.06,1012.45,51.58,0.0
"Wed, 2026-05-20 06:23:42",4,15.75,40.04,34.16,127.0,7.07,23.93,1012.48,48.67,1.45
"Wed, 2026-05-20 06:24:38",4,20.82,37.79,45.7,151.0,7.17,23.85,1012.52,46.712900968211585,
"Wed, 2026-05-20 06:25:38",5,19.59,23.36,69.92053752067383,189.0,6.94,24.0,1012.62,49.79,2.73
"Wed, 2026-05-20 06:26:34",5,23.52,42.76,54.3,190.0,7.23,23.97,1012.5,49.56,1.34
"Wed, 2026-05-20 06:27:31",4,16.12,54.33,33.08,137.0,6.84,24.17,1012.6,49.83,2.61
"Wed, 2026-05-20 06:28:27",5,16.37,13.76,33.45,195.0,6.94,24.11,1012.5,50.45,1.99
"Wed, 2026-05-20 06:29:27",5,16.69,41.34,60.64,,6.96,24.13,1012.57,49.81,1.44
"Wed, 2026-05-20 06:30:29",5,26.23,4.56,45.62,180.0,7.29,24.01,1012.48,49.83,0.37
"Wed, 2026-05-20 06:31:34",4,14.89,32.83,35.22,195.0,7.04,24.14,1012.53,49.44,0.24
"Wed, 2026-05-20 06:33:12",4,12.45,56.9,81.14,220.0,6.69,23.95,1012.47,49.02,2.62
"Wed, 2026-05-20 06:34:52",5,15.27,30.83,53.4,196.0,7.19,24.11,1012.63,49.78,2.58
"Wed, 2026-05-20 06:35:47",5,12.75,33.34,41.64,144.0,7.35,24.22,1012.5,49.72,0.44
"Wed, 2026-05-20 06:36:44",5,14.99,38.43,55.98,163.0,6.97,24.08,1012.45,50.42,1.31
"Wed, 2026-05-20 06:37:41",5,,18.84,41.44,175.0,6.85,24.18,1012.44,49.14,0.76
"Wed, 2026-05-20 06:38:39",4,14.74,35.34,37.71,156.0,7.17,23.89,1012.54,50.39,1.29
"Wed, 2026-05-20 06:39:34",5,12.14,34.19,66.54,222.0,7.37,25.891089412108876,1012.51,49.63,2.79
"Wed, 2026-05-20 06:40:38",5,22.8,56.64,53.68,201.0,7.17,24.16,1012.58,49.81,0.19
"Wed, 2026-05-20 06:41:50",5,18.48,24.6,46.84,158.0,6.72,24.25,1012.53,49.08,1.1
"Wed, 2026-05-20 06:42:49",5,16.86,33.49,44.31,198.0,7.15,24.1,1012.61,50.05,2.15
"Wed, 2026-05-20 06:43:54",5,20.51,21.93,66.29,208.0,7.09,24.38,1012.52,49.14,0.62
"Wed, 2026-05-20 06:45:51",5,19.72,,56.37,201.0,6.84,23.95,1012.6,,34.63
"Wed, 2026-05-20 06:51:28",5,19.25,48.87,60.47,172.0,7.25,24.04,1012.48,49.88,1.24
"Wed, 2026-05-20 06:53:11",5,20.89,34.51,44.6,196.0,7.95,24.14,1012.45,49.52,2.04
"Wed, 2026-05-20 06:54:14",5,19.17,28.22,52.06,149.0,7.25,24.18,1012.49,48.48,3.04
"Wed, 2026-05-20 06:55:17",5,21.26,27.52,125.62,221.0,6.82,24.05,1012.47,51.01,2.54
"Wed, 2026-05-20 06:56:13",4,20.89,25.43,45.44,169.0,7.09,24.0,1012.47,47.15,1.82
"Wed, 2026-05-20 06:57:18",5,19.91,32.52,44.47,182.0,6.85,24.2,1012.57,49.88,2.24
"Wed, 2026-05-20 06:58:22",4,20.95,19.87,47.21,171.0,7.06,24.14,1012.52,50.39,2.33
"Wed, 2026-05-20 06:59:24",4,24.75,35.41,55.72,130.0,7.28,24.08,1012.55,49.99,57.44
"Wed, 2026-05-20 07:00:26",4,19.4,32.19,41.68,,,24.18,1012.57,51.81,66.37
"Wed, 2026-05-20 07:01:25",5,,,,118.0,6.77,24.11,1012.44,49.27,52.53
"Wed, 2026-05-20 07:02:25",4,21.46,31.89,56.41,110.0,,24.11,1012.58,50.19,79.19
"Wed, 2026-05-20 07:03:23",4,16.42,35.94,50.75,130.0,,24.1,1012.47,49.53,53.18
"Wed, 2026-05-20 07:04:22",5,17.99,30.62,,162.0,7.23,24.03,1012.51,49.47,48.47
"Wed, 2026-05-20 07:05:21",4,19.44,30.31,44.93,90.0,6.87,24.01,1012.43,50.25,52.61
"Wed, 2026-05-20 07:06:20",5,19.52,62.84,40.68,160.0,7.02,24.06,1012.58,50.62,75.39
"Wed, 2026-05-20 07:07:23",5,16.35,56.62,51.8,100.0,7.14,24.13,1012.44,49.14,77.31
"Wed, 2026-05-20 07:09:29",5,19.39,23.2,52.97,105.0,7.05,23.9,1012.47,49.35,54.06
"Wed, 2026-05-20 07:10:32",4,25.91,30.17,40.67,125.0,6.69,24.24,1012.47,48.24,55.11
"Wed, 2026-05-20 07:11:30",4,28.91,26.48,48.21,171.0,7.52,24.13,1012.53,49.24,46.88
"Wed, 2026-05-20 07:13:07",5,24.24,70.79,44.3,111.0,7.05,24.0,1012.53,50.53,81.55
"Wed, 2026-05-20 07:14:54",5,13.42,53.24,44.99,83.0,6.77,24.32,1012.59,49.12,67.61
"Wed, 2026-05-20 07:15:57",4,26.02,66.56,66.97,82.0,7.07,24.13,1012.53,50.13,84.32
"Wed, 2026-05-20 07:16:58",5,20.99,66.72,54.61,149.0,7.09,23.96,1012.6,49.87,76.88
"Wed, 2026-05-20 07:17:53",5,24.74,47.07,51.22,277.0,7.19,24.31,1012.56,49.75,81.11
"Wed, 2026-05-20 07:18:50",4,23.82,61.17,43.62,142.0,7.18,24.29,1012.48,48.18,72.39
"Wed, 2026-05-20 07:20:54",5,32.0,45.03,127.82,126.0,6.98,24.02,1012.5,50.75,75.64
"Wed, 2026-05-20 07:21:50",4,22.54,73.56,44.53,119.0,6.7,24.09,,46.0,62.62
"Wed, 2026-05-20 07:22:51",4,24.53,45.22,42.08,112.0,7.1,24.07,1012.61,48.69,70.86
"Wed, 2026-05-20 07:23:53",5,28.91,51.04,61.25,103.0,5.5,23.9,1012.59,54.38,63.18
"Wed, 2026-05-20 07:25:45",4,27.89,37.9,59.35,136.0,7.23,24.16,1012.6,48.89,79.02
"Wed, 2026-05-20 07:28:26",5,26.47,43.42,20.68,93.0,6.88,24.23,1012.57,50.45,63.88
"Wed, 2026-05-20 07:29:58",5,17.88,39.58,41.46,156.0,7.13,24.2,1012.9724315545229,48.72,71.26
"Wed, 2026-05-20 07:30:59",4,26.64,21.73,51.51,115.0,6.9,24.13,1012.54,51.68,71.0
"Wed, 2026-05-20 07:32:04",5,22.53,50.18,49.17,132.0,,24.24,1012.64,49.55,93.15
"Wed, 2026-05-20 07:33:09",4,26.84,46.49,56.67,,6.87,23.99,1012.51,48.81,50.14
"Wed, 2026-05-20 07:34:04",4,20.8,58.43,33.62,108.0,7.14,24.34,1012.56,49.87,73.41
"Wed, 2026-05-20 07:35:00",5,19.98,56.37,25.27,111.0,6.9,24.03,1012.44,49.59,59.83
"Wed, 2026-05-20 07:35:56",5,31.05,47.02,44.29,194.0,7.15,24.05,1012.45,49.3,90.58
"Wed, 2026-05-20 07:36:57",5,20.78,47.28,56.24,119.0,6.91,24.06,1012.65,49.86,76.25
"Wed, 2026-05-20 07:37:59",4,29.25,51.58,19.5,,6.97,24.05,1012.58,50.95,76.52
"Wed, 2026-05-20 07:38:59",4,23.79,73.76,37.44,432.0,7.02,24.1,1012.53,49.18,65.64
"Wed, 2026-05-20 07:39:59",5,22.66,42.61,29.49,81.0,7.04,24.1,1012.55,49.63,75.13
"Wed, 2026-05-20 07:40:59",4,23.41,49.21,47.37,112.0,6.85,24.14,1012.46,49.0,64.5
"Wed, 2026-05-20 07:42:59",4,,,,178.0,7.14,24.03,1012.52,50.48,56.01
"Wed, 2026-05-20 07:43:55",5,24.08,41.91,46.29,125.0,6.97,24.15,1012.45,49.85,80.35
"Wed, 2026-05-20 07:44:55",4,19.66,60.43,52.71,132.0,7.11,23.99,1012.52,,73.21
"Wed, 2026-05-20 07:45:57",4,21.86,55.2,55.0,82.0,,24.21,1012.58,49.65,52.41
"Wed, 2026-05-20 07:46:54",4,27.07,69.11,51.86,133.0,7.12,24.21,1012.57,48.49,66.31
"Wed, 2026-05-20 07:47:56",5,25.02,150.0,50.47,420.0,6.94,24.12,1012.64,49.74,45.82
"Wed, 2026-05-20 07:49:54",5,18.94,84.01,56.3,97.0,9.5,24.05,1012.1579746147303,50.22,72.88
"Wed, 2026-05-20 07:50:57",5,27.11,57.13,50.24,125.0,7.09,24.16,1012.39,,65.66
"Wed, 2026-05-20 07:51:57",4,24.71,47.2,46.19,137.0,6.93,24.02,1012.66,49.21,75.92
"Wed, 2026-05-20 07:52:55",4,22.61,39.84,48.2,126.0,7.28,24.13,1012.49,48.74,51.72
"Wed, 2026-05-20 07:53:50",5,26.74,56.88,44.95,110.0,7.03,24.11,1012.55,54.03,75.77
"Wed, 2026-05-20 07:54:55",5,23.55,55.34,55.2,140.0,6.77,24.44,1012.55,49.24,76.98
"Wed, 2026-05-20 07:55:51",5,20.05,66.16,39.79,106.0,6.91,23.98,1012.56,50.37,81.42
"Wed, 2026-05-20 07:56:54",5,30.6,37.71,61.49,104.0,6.83,23.8,1012.54,49.27,61.87
"Wed, 2026-05-20 07:58:23",5,24.07,54.13,37.33,148.0,7.21,24.05,1012.54,49.44,76.45
"Wed, 2026-05-20 07:59:26",5,23.85,57.87,60.59,84.0,7.15,23.92,1012.46,49.32,66.1
"Wed, 2026-05-20 08:00:28",5,22.71,60.46,50.25,69.0,8.76,24.04,1012.7,50.46,57.66
"Wed, 2026-05-20 08:01:33",4,29.08,48.3,37.61,107.0,7.07,23.97,1012.58,49.52,40.48
"Wed, 2026-05-20 08:05:20",5,22.29,63.25,54.91,120.0,7.0,24.02,1012.54,50.79,65.56
"Wed, 2026-05-20 08:06:33",5,18.72,73.77,41.18,142.0,7.17,24.0,,50.6,81.3
"Wed, 2026-05-20 08:07:29",5,21.76,41.71,44.44,93.0,7.11,24.24,1012.48,49.38,
"Wed, 2026-05-20 08:08:25",5,28.77,60.96,43.16,155.0,7.14,24.12,1012.59,50.33,82.16
"Wed, 2026-05-20 08:09:25",5,27.04,21.53,48.77,110.0,6.98,24.25,1012.51,49.8,70.83
"Wed, 2026-05-20 08:10:20",5,23.24,63.76,57.72,106.0,6.9,24.13,1012.56,,60.81
"Wed, 2026-05-20 08:11:53",4,27.73,32.15,52.58,94.0,7.13,24.24,1012.57,50.02,98.60118194642503
"Wed, 2026-05-20 08:12:51",4,27.73,32.15,52.58,94.0,7.13,24.24,1012.57,50.02,98.60118194642503
"Wed, 2026-05-20 08:13:46",5,23.2,41.34,34.02,104.0,7.21,24.32,1012.45,48.78,65.26
"Wed, 2026-05-20 08:15:11",4,21.81,56.49,47.72,78.0,7.3,24.18,1012.64,48.66,52.43
"Wed, 2026-05-20 08:16:11",5,25.28,68.59,46.54,168.0,7.04,24.03,1012.53,48.68,79.76
"Wed, 2026-05-20 08:18:46",5,21.22,32.48,43.76,116.0,6.84,24.2,1012.66,,92.54
"Wed, 2026-05-20 08:20:35",5,24.15,,64.76,126.0,6.86,24.13,1012.62,51.07,52.48
"Wed, 2026-05-20 08:21:59",4,25.8,48.88,55.74,149.0,7.26,24.1,1012.53,50.01,52.36
"Wed, 2026-05-20 08:23:01",5,18.23,75.97,42.75,120.0,6.68,24.14,1012.52,,70.39
"Wed, 2026-05-20 08:24:06",4,23.26,59.03,41.36,112.0,7.29,24.22,1012.64,49.93,87.0
"Wed, 2026-05-20 08:25:07",4,24.09,46.85,42.67,110.0,6.87,23.87,1012.67,49.38,88.64
"Wed, 2026-05-20 08:26:18",5,27.73,48.67,42.87,122.0,9.28,24.08,1012.52,49.4,78.94
"Wed, 2026-05-20 08:27:15",4,18.16,74.43,59.02,91.0,7.0,24.21,1012.63,49.55,61.92
"Wed, 2026-05-20 08:28:12",4,22.14,63.83,64.9,93.0,7.14,24.15,1012.6,48.68,87.29
"Wed, 2026-05-20 08:29:15",5,22.44,,50.28,106.0,7.44,23.99,1012.61,48.08,56.23
"Wed, 2026-05-20 08:30:33",4,26.5,7.72,117.56,73.0,6.96,23.16,1012.55,49.17,45.22
"Wed, 2026-05-20 08:31:38",5,23.98,52.17,59.35,114.0,6.95,23.36,1012.5,49.86,77.19
"Wed, 2026-05-20 08:32:33",5,30.42,49.97,51.21,114.0,6.89,23.27,1012.48,49.35,
"Wed, 2026-05-20 08:33:37",5,26.45,34.29,46.28,122.0,6.83,23.08,1012.46,49.64,79.5
"Wed, 2026-05-20 08:35:21",5,22.69,48.3,52.04,,6.96,22.88,1012.66,50.03,67.99
"Wed, 2026-05-20 08:36:19",5,24.97,73.07,52.29,150.0,6.91,23.12,1012.54,50.25,81.16
"Wed, 2026-05-20 08:37:23",4,22.63,48.53,40.73,,6.79,23.17,1012.47,49.26,55.06
"Wed, 2026-05-20 08:39:30",5,27.14,54.64,39.37,94.0,6.98,23.23,1012.6,49.24,63.21
"Wed, 2026-05-20 08:40:35",4,17.77,59.58,43.73,110.0,7.1,23.04,1012.51,52.48,85.35
"Wed, 2026-05-20 08:41:39",5,21.25,86.1,1.01,134.0,6.85,23.2,1012.5,58.09,65.69
"Wed, 2026-05-20 08:42:43",5,25.73,57.31,35.17,75.0,6.99,23.2,1012.66,57.35,49.03
"Wed, 2026-05-20 08:43:39",4,32.93,71.44,49.56,169.0,7.27,23.3,1012.46,54.66,64.95
"Wed, 2026-05-20 08:44:35",4,16.31,148.46,51.57,68.0,6.76,23.14,1012.55,56.13,83.16
"Wed, 2026-05-20 08:45:36",5,28.94,53.18,27.56,120.0,7.36,23.23,1012.51,56.31,93.33
"Wed, 2026-05-20 08:47:22",4,23.38,54.46,40.98,95.0,6.89,23.21,,54.39,86.92
"Wed, 2026-05-20 08:48:25",4,14.45,42.25,45.17,98.0,7.05,23.28,1012.45,54.25,70.02
"Wed, 2026-05-20 08:49:28",4,14.48,51.14,49.11,34.0,7.24,23.08,1012.54,55.02,85.7
"Wed, 2026-05-20 08:50:24",5,18.78,69.89,35.04,77.0,7.3,22.81,1012.49,55.67,53.22
"Wed, 2026-05-20 08:55:17",5,24.06,46.5,35.88,63.0,7.1,23.15,1012.58,56.65,73.06
"Wed, 2026-05-20 08:56:17",5,23.9,56.38,55.55,59.0,6.89,23.15,1012.54,54.76,74.54
"Wed, 2026-05-20 08:57:12",5,26.35,65.25,30.97,123.0,6.87,23.04,1012.52,56.19,90.22
"Wed, 2026-05-20 08:58:09",4,22.57,51.13,44.47,127.0,6.91,23.0,1012.49,56.01,49.29
"Wed, 2026-05-20 08:59:13",4,20.18,,41.86,79.0,7.35,23.11,1012.63,57.42,86.66
"Wed, 2026-05-20 09:00:12",5,22.68,59.19,46.84,118.0,6.95,23.16,1012.58,54.98,74.24
"Wed, 2026-05-20 09:01:08",5,24.25,55.59,44.98,113.0,7.07,23.19,1012.5,54.83,50.28
"Wed, 2026-05-20 09:05:34",5,32.0,33.48,66.69,90.0,5.461725425013092,22.5,1012.46,55.24,65.21
"Wed, 2026-05-20 09:06:34",5,21.37,48.9,33.16,126.0,8.054452064227059,22.97,1012.43,49.23,54.84
"Wed, 2026-05-20 09:07:38",5,27.29,35.1,50.44,,8.546728004834174,23.31,1012.61,53.98,69.4
"Wed, 2026-05-20 09:08:39",5,21.96,43.2,17.98,104.0,6.96,24.47,1012.6,,63.95
"Wed, 2026-05-20 09:10:19",5,21.09,12.58,59.7,60.0,6.97,23.18,,54.97,79.07
"Wed, 2026-05-20 09:11:17",5,22.23,31.06,23.57,60.0,6.75,23.02,1012.53,53.79,65.53
"Wed, 2026-05-20 09:12:14",5,27.89,42.98,71.32,119.0,7.0,23.18,1012.59,,74.85
"Wed, 2026-05-20 09:14:01",5,23.67,11.8,39.36,104.0,7.29,23.13,1012.6,,0.26
"Wed, 2026-05-20 09:15:01",5,21.7,40.77,62.64,86.0,6.86,23.1,1012.54,55.33,1.96
"Wed, 2026-05-20 09:16:01",5,27.37,38.1,55.9,137.0,7.18,22.5,1012.52,54.58,2.14
"Wed, 2026-05-20 09:16:57",4,32.25,,48.37,117.0,6.39,23.07,1012.48,53.51,1.69
"Wed, 2026-05-20 09:17:53",4,22.46,38.19,43.15,116.0,6.87,23.41,1012.57,53.55,1.49
"Wed, 2026-05-20 09:18:49",5,28.45,29.18,32.2,51.0,6.67,23.14,1012.57,54.76,0.85
"Wed, 2026-05-20 09:19:47",5,27.76,20.06,58.43,85.0,7.24,23.27,1012.52,53.7,1.74
"Wed, 2026-05-20 09:20:46",5,22.01,34.91,43.76,66.0,7.17,23.15,1012.52,54.01,2.23
"Wed, 2026-05-20 09:21:47",5,24.22,29.58,37.44,89.0,6.83,23.14,1012.53,54.28,2.23
"Wed, 2026-05-20 09:22:51",4,20.31,35.89,51.94,66.0,7.07,23.1,1012.59,56.36,2.1
"Wed, 2026-05-20 09:23:48",5,23.41,0.0,30.84,56.0,7.23,23.34,1012.46,53.71,0.75
"Wed, 2026-05-20 09:24:53",5,21.94,15.04,35.21,,7.26,23.22,1012.47,54.34,2.21
"Wed, 2026-05-20 09:25:48",5,22.72,11.64,44.71,89.0,6.94,23.08,1012.48,53.93,0.99
"Wed, 2026-05-20 09:26:44",5,21.51,27.24,41.89,0.0,6.62,23.13,1012.53,53.79,
"Wed, 2026-05-20 09:27:41",4,22.01,6.95,39.8,74.0,6.85,23.31,1012.56,54.64,0.37
"Wed, 2026-05-20 09:28:42",5,25.99,22.32,64.41,101.0,7.23,22.84,1012.48,53.05,2.56
"Wed, 2026-05-20 09:29:44",5,23.71,18.69,45.7,66.0,7.14,23.22,1012.6,53.62,
"Wed, 2026-05-20 09:30:45",5,17.61,27.89,40.47,56.0,7.68,23.24,1012.63,53.43,2.5
"Wed, 2026-05-20 09:31:43",5,21.52,44.34,46.26,81.0,7.32,23.09,1012.57,52.45,1.73
"Wed, 2026-05-20 09:32:40",4,20.74,4.11,52.31,60.0,7.02,,1012.61,55.73,2.7
"Wed, 2026-05-20 09:33:39",5,24.98,55.68,34.12,87.0,7.22,23.24,1012.49,53.72,1.65
"Wed, 2026-05-20 09:34:44",5,25.89,17.43,47.14,56.0,7.42,23.03,1012.49,53.18,1.72
"Wed, 2026-05-20 09:35:44",4,23.91,23.59,46.62,423.0,7.23,23.28,1012.57,52.09,0.19
"Wed, 2026-05-20 09:36:58",5,21.37,3.67,,72.0,7.39,23.21,1012.54,53.03,2.17
"Wed, 2026-05-20 09:38:03",4,25.99,34.74,128.0,69.0,6.96,23.16,1012.49,52.83,1.47
"Wed, 2026-05-20 09:39:00",4,19.97,20.85,60.19,122.0,6.99,23.19,1012.63,53.68,0.41
"Wed, 2026-05-20 09:40:03",4,19.13,20.83,35.8,92.0,7.11,23.26,1012.56,46.32,0.18
"Wed, 2026-05-20 09:41:33",4,26.49,0.94,32.53,92.0,7.19,23.46,1012.58,53.45,1.0
"Wed, 2026-05-20 09:42:33",5,26.99,20.67,45.42,63.0,7.3,23.25,1012.5,52.71,0.0
"Wed, 2026-05-20 09:43:37",5,27.45,37.1,23.46,84.0,7.36,23.28,1012.64,52.09,1.94
"Wed, 2026-05-20 09:44:41",4,28.92,15.17,61.64,49.0,7.69,23.2,,52.8,1.59
"Wed, 2026-05-20 09:45:42",5,28.26,37.88,37.85,79.0,7.11,23.41,1012.6,52.05,45.7
"Wed, 2026-05-20 09:46:40",5,22.4,35.44,57.89,94.0,7.19,23.0,1012.51,51.89,1.29
"Wed, 2026-05-20 09:47:35",4,26.26,11.45,38.58,,7.12,22.97,1012.55,61.56,2.12
"Wed, 2026-05-20 09:48:38",4,23.48,29.9,45.07,52.0,7.44,23.2,1012.57,62.21,1.57
"Wed, 2026-05-20 09:50:29",5,,16.84,,64.0,7.45,23.26,1012.66,61.05,2.33
"Wed, 2026-05-20 09:51:33",4,15.56,13.62,41.75,69.0,8.94,22.87,1012.51,61.06,0.99
"Wed, 2026-05-20 09:52:30",5,23.07,16.44,41.97,80.0,7.62,23.18,1012.55,60.61,1.41
"Wed, 2026-05-20 09:53:31",4,24.29,12.56,53.23,77.0,7.12,23.16,1012.58,59.68,0.11
"Wed, 2026-05-20 09:54:31",5,0.4,0.0,40.43,112.0,7.43,23.27,1012.46,61.2,2.05
"Wed, 2026-05-20 10:00:21",5,30.28,15.56,27.89,141.0,7.51,23.23,1012.41,,0.75
"Wed, 2026-05-20 10:01:20",5,30.95,16.31,28.54,147.0,7.72,24.29,1030.95,61.19,0.77
"Wed, 2026-05-20 10:02:18",4,22.37,31.02,48.98,61.0,7.35,23.05,1012.6,60.67,2.85
"Wed, 2026-05-20 10:03:21",5,20.96,27.84,46.96,99.0,6.75,23.08,1012.64,,2.03
"Wed, 2026-05-20 10:04:20",5,32.0,24.44,55.18,66.0,7.39,23.27,1012.49,60.4,1.0
"Wed, 2026-05-20 10:05:22",5,27.74,14.44,35.4,47.0,7.05,23.22,1012.47,61.67,1.58
"Wed, 2026-05-20 10:06:19",4,30.07,1.68,19.88,113.0,7.35,23.1,1012.63,61.38,1.7
"Wed, 2026-05-20 10:07:21",4,19.41,3.63,21.09,88.0,7.38,23.2,1012.51,58.21,2.75
"Wed, 2026-05-20 10:08:37",5,21.6,32.28,68.09,79.0,7.45,23.05,1012.52,61.66,2.63
"Wed, 2026-05-20 10:14:27",5,20.08,0.0,45.06,107.0,7.4,23.42,1012.63,60.84,0.97
"Wed, 2026-05-20 10:16:08",4,27.29,3.36,36.52,90.0,7.25,23.25,1012.62,60.65,3.08
"Wed, 2026-05-20 10:20:47",5,28.05,0.97,47.44,69.0,7.18,23.27,1012.6,60.23,0.39
"Wed, 2026-05-20 10:21:43",5,23.76,1.85,28.3,,7.23,23.34,1012.44,59.94,0.8
"Wed, 2026-05-20 10:22:41",4,18.56,1.49,34.48,64.0,7.04,23.3,1012.47,60.18,0.1
"Wed, 2026-05-20 10:23:36",4,19.87,1.05,59.78,87.0,7.21,23.18,1012.61,60.36,0.9
"Wed, 2026-05-20 10:24:36",4,25.09,2.46,41.84,67.0,7.19,23.16,1012.56,60.66,1.17
"Wed, 2026-05-20 10:25:36",5,26.05,0.0,30.67,63.0,7.1,23.33,1012.49,59.28,0.55
"Wed, 2026-05-20 10:26:33",5,16.9,0.0,27.55,0.0,6.93,23.18,1012.52,61.46,0.0
"Wed, 2026-05-20 10:27:37",5,23.01,0.4,33.83,63.0,7.01,23.09,1012.61,60.19,0.06
"Wed, 2026-05-20 10:28:34",4,30.15,1.49,37.25,76.0,6.68,23.41,1012.63,58.75,3.06
"Wed, 2026-05-20 10:29:32",5,23.37,0.0,62.32,72.0,7.19,23.07,1012.54,60.02,2.4
"Wed, 2026-05-20 10:30:34",5,29.34,2.2,42.28,114.0,8.06,22.97,1012.5,60.54,2.19
"Wed, 2026-05-20 10:31:34",5,,,,,6.76,23.3,1012.52,61.03,2.66
"Wed, 2026-05-20 10:32:38",5,20.34,3.69,40.48,67.0,7.29,23.09,1012.62,60.94,59.32
"Wed, 2026-05-20 10:33:42",4,22.67,4.78,45.85,80.0,7.22,23.23,1012.62,61.03,0.0
"Wed, 2026-05-20 10:34:41",5,23.68,0.0,25.21,64.0,7.03,23.4,1012.55,60.75,2.69
"Wed, 2026-05-20 10:35:43",5,20.8,0.0,44.18,46.0,7.17,23.01,1012.51,60.85,1.27
"Wed, 2026-05-20 10:36:45",5,20.74,0.0,54.26,30.0,7.43,23.17,1012.61,60.35,1.24
"Wed, 2026-05-20 10:37:44",4,30.07,1.73,42.21,190.0,7.07,23.36,1012.64,58.51,2.81
"Wed, 2026-05-20 10:38:49",5,20.71,0.0,34.73,50.0,7.26,23.26,1012.45,60.07,0.84
"Wed, 2026-05-20 10:39:53",5,27.9,0.0,35.63,49.0,7.31,23.16,1012.53,60.21,0.52
"Wed, 2026-05-20 10:40:55",4,21.97,0.0,23.06,46.0,7.1,23.46,1012.61,61.88,2.53
"Wed, 2026-05-20 10:41:59",5,24.04,2.13,35.76,63.0,7.43,23.17,1012.55,60.02,0.86
"Wed, 2026-05-20 10:43:24",5,26.1,0.0,44.34,62.0,7.32,23.23,1012.51,61.61,1.24
"Wed, 2026-05-20 10:45:07",4,22.08,7.41,32.01,96.0,7.2,23.38,1012.55,59.56,2.84
"Wed, 2026-05-20 10:46:08",5,26.12,1.06,56.86,77.0,7.67,23.3,1012.56,60.91,3.09
"Wed, 2026-05-20 10:47:08",5,16.97,2.78,50.11,113.0,7.43,23.34,1012.47,59.94,3.02
"Wed, 2026-05-20 10:48:03",5,25.67,0.0,26.16,49.0,6.94,23.07,1012.55,60.24,0.86
"Wed, 2026-05-20 10:49:34",4,17.28,1.12,20.59,71.0,7.17,23.33,1012.56,63.67,2.3
"Wed, 2026-05-20 10:50:33",4,32.58,2.18,28.26,,7.69,23.2,1012.51,61.91,1.73
"Wed, 2026-05-20 10:51:29",5,19.15,2.52,53.68,45.0,7.07,23.09,1012.49,,1.81
"Wed, 2026-05-20 10:52:26",4,22.77,0.0,43.98,117.0,7.26,23.2,1012.51,61.43614741058489,0.51
"Wed, 2026-05-20 10:53:33",5,23.94,5.32,62.48,39.0,7.47,23.2,1012.48,64.83,1.45
"Wed, 2026-05-20 10:54:32",5,,0.0,,2.0,7.36,23.4,1013.24,63.39,0.56
"Wed, 2026-05-20 10:55:30",4,22.18,3.42,35.41,49.0,7.39,23.22,1012.48,62.28,2.57
"Wed, 2026-05-20 10:56:29",5,24.44,1.1,24.11,7.0,7.38,23.08,1013.33,62.59,1.38
"Wed, 2026-05-20 10:57:27",5,22.39,,42.14,33.0,7.25,23.06,1012.52,64.0,1.93
"Wed, 2026-05-20 10:58:29",5,25.24,6.72,35.99,35.0,7.1,23.17,1012.5,62.9,45.7
"Wed, 2026-05-20 10:59:34",5,24.2,6.25,41.94,57.0,7.32,24.15,,63.82,0.73
"Wed, 2026-05-20 11:00:39",4,22.4,0.0,52.0,0.0,7.17,23.09,1012.53,64.17,1.28
"Wed, 2026-05-20 11:02:33",4,15.4,0.39,33.82,64.0,7.16,23.15,1012.5,71.29,2.5
"Wed, 2026-05-20 11:03:31",5,23.95,2.79,54.69,8.0,7.51,23.13,1012.49,63.49,0.0
"Wed, 2026-05-20 11:04:36",5,20.17,1.43,23.44,51.0,5.53,23.27,1012.56,63.47,
"Wed, 2026-05-20 11:05:46",5,21.5,4.85,65.91,46.0,7.55,23.09,1012.59,63.31,1.8
"Wed, 2026-05-20 11:06:42",5,25.23,4.79,37.59,74.0,7.29,22.88,,59.96,2.8
"Wed, 2026-05-20 11:07:44",4,31.2,2.15,47.0,66.0,7.22,22.98,1012.53,62.71,2.88
"Wed, 2026-05-20 11:08:45",5,23.46,7.43,48.15,82.0,6.92,23.18,1012.53,63.0,2.61
"Wed, 2026-05-20 11:11:19",4,25.13,3.72,30.28,0.0,7.63,23.11,1012.55,64.8,1.32
"Wed, 2026-05-20 11:12:24",4,15.87,0.0,42.46,27.0,7.24,23.03,1012.55,62.08,1.06
"Wed, 2026-05-20 11:13:29",5,24.52,5.64,46.04,62.0,6.84,23.41,1012.49,62.95,2.7
"Wed, 2026-05-20 11:14:32",5,24.52,5.64,46.04,62.0,6.84,23.41,1012.49,62.95,2.7
"Wed, 2026-05-20 11:15:30",5,28.01,0.0,32.93,71.0,8.6,23.17,1012.54,63.66,0.0
"Wed, 2026-05-20 11:16:25",4,21.84,0.26,34.18,61.0,7.08,23.21,1012.57,62.56,3.31
"Wed, 2026-05-20 11:17:29",5,22.9,0.0,36.57,56.0,7.41,23.15,1012.57,63.6,0.12
"Wed, 2026-05-20 11:18:34",5,27.47,3.65,52.54,202.0,6.79,23.03,1012.57,68.57,1.17
"Wed, 2026-05-20 11:21:39",5,23.47,,45.96,59.0,7.12,23.3,1012.48,,0.14
"Wed, 2026-05-20 11:22:38",5,19.93,0.0,39.3,100.0,7.19,23.28,1012.54,63.17,0.4
"Wed, 2026-05-20 11:23:35",5,32.0,5.36,44.12,42.0,7.4,22.94,1012.68,63.45,3.13
"Wed, 2026-05-20 11:25:16",5,20.08,0.0,16.33,39.0,7.65,23.21,1012.64,64.71,0.45
"Wed, 2026-05-20 11:26:50",4,24.62,,37.07,56.0,7.2,23.22,1012.55,62.69,1.51
"Wed, 2026-05-20 11:27:54",4,1.29,0.0,126.79,73.0,7.33,23.14,1012.52,64.22,1.05
"Wed, 2026-05-20 11:28:59",5,24.86,7.67,54.33,0.0,7.74,23.43,1013.18,64.75,1.6
"Wed, 2026-05-20 11:29:54",5,23.28,2.46,39.74,43.0,7.25,23.42,1012.51,63.4,1.78
"Wed, 2026-05-20 11:30:57",4,22.9,4.52,53.26,62.0,7.33,23.13,1012.54,64.18,1.7
"Wed, 2026-05-20 11:31:59",4,22.06,2.26,46.88,40.0,7.02,23.15,1012.52,63.64,2.12
"Wed, 2026-05-20 11:33:52",5,20.1,0.8,34.33,50.0,7.6,23.14,1012.53,62.65,1.55
"Wed, 2026-05-20 11:35:45",5,31.56,5.09,0.0,98.0,7.12,23.1,1012.58,63.94,0.42
"Wed, 2026-05-20 11:36:49",4,20.77,8.03,43.02,68.0,7.29,23.07,1012.48,63.77,1.01
"Wed, 2026-05-20 11:37:46",5,26.16,0.19,38.47,0.0,7.29,23.24,1012.56,63.83,2.56
"Wed, 2026-05-20 11:39:20",5,22.93,2.9,56.85,8.0,7.26,23.41,1012.53,63.1,2.75
"Wed, 2026-05-20 11:40:15",5,22.88,0.49,30.36,37.0,7.17,23.36,1012.49,63.88,0.55
"Wed, 2026-05-20 11:41:15",4,20.89,1.98,37.41,33.0,7.29,23.27,1012.64,62.74,2.71
"Wed, 2026-05-20 11:42:10",5,18.74,0.02,41.98,0.0,7.56,22.89,1012.59,63.22,2.62
"Wed, 2026-05-20 11:43:55",4,22.33,0.0,35.46,17.0,7.65,22.95,1012.49,68.65,2.56
"Wed, 2026-05-20 11:44:57",5,22.78,1.71,35.04,71.0,7.21,23.31,1012.57,55.51,2.43
"Wed, 2026-05-20 11:46:36",5,28.33,4.33,35.83,14.0,7.16,23.37,1012.46,63.43,2.66
"Wed, 2026-05-20 11:48:04",5,20.06,0.0,43.94,36.0,7.1,23.24,1012.5,63.42,54.37
"Wed, 2026-05-20 11:49:06",4,23.37,3.18,37.2,35.0,7.73,23.14,1012.62,63.69,1.47
"Wed, 2026-05-20 11:50:07",4,24.43,3.08,34.51,34.0,8.07,25.3,1089.1,63.16,1.54
"Wed, 2026-05-20 11:51:08",4,29.54,,52.63,42.0,7.45,23.27,1012.56,64.86,1.77
"Wed, 2026-05-20 11:52:12",5,21.29,8.27,40.7,0.0,7.37,23.31,1012.6,63.75,2.1
"Wed, 2026-05-20 11:53:14",5,26.33,14.28,46.68,41.0,7.64,22.96,1012.58,62.41,1.15
"Wed, 2026-05-20 11:54:12",5,27.78,2.51,48.2,35.0,7.2,23.22,1012.52,62.77,0.72
"Wed, 2026-05-20 11:55:52",5,23.89,3.71,58.76,60.0,7.05,23.39,1012.6,62.4,3.1
"Wed, 2026-05-20 11:56:57",5,19.61,0.63,46.93,56.0,7.58,23.24,1012.44,63.56,0.9
"Wed, 2026-05-20 11:57:57",5,19.67,0.0,27.42,92.0,7.41,23.29,1012.5,63.48,1.97
"Wed, 2026-05-20 11:58:53",5,27.48,0.07,40.67,45.0,7.33,23.18,1012.53,,0.55
"Wed, 2026-05-20 12:04:19",5,20.08,0.0,34.34,70.0,7.52,23.19,1012.57,63.45,2.96
"Wed, 2026-05-20 12:05:21",4,27.22,30.62,29.25,67.0,7.34,23.35,1012.52,64.09,0.49
"Wed, 2026-05-20 12:06:21",5,24.93,3.51,25.22,43.0,7.53,23.1,1012.43,63.32,2.7
"Wed, 2026-05-20 12:07:26",4,27.46,3.78,32.43,63.0,7.29,23.09,1012.43,62.45,0.72
"Wed, 2026-05-20 12:08:22",5,26.23,2.48,42.15,19.0,7.41,,1012.54,63.0,2.85
"Wed, 2026-05-20 12:09:21",4,22.69,3.18,36.21,2.0,7.34,23.18,1012.51,,1.28
"Wed, 2026-05-20 12:10:22",4,20.17,0.0,25.37,31.0,7.19,22.98,1012.49,63.41,2.63
"Wed, 2026-05-20 12:11:17",5,27.14,18.6,0.0,25.0,7.21,23.27,1012.39,63.09,2.27
"Wed, 2026-05-20 12:12:21",4,22.66,1.74,56.91,,7.17,17.107478881059667,1012.47,63.26,0.53
"Wed, 2026-05-20 12:13:19",5,15.06,0.0,38.51,17.0,7.29,23.28,1012.38,62.7,0.83
"Wed, 2026-05-20 12:19:10",5,26.98,5.97,32.87,41.0,7.16,22.92,1012.44,62.86,2.26
"Wed, 2026-05-20 12:20:13",4,22.15,3.52,41.72,32.0,7.32,23.28,1012.5,,2.09
"Wed, 2026-05-20 12:21:11",4,26.73,15.08,58.84,0.0,7.32,23.34,1012.42,62.82,1.24
"Wed, 2026-05-20 12:22:15",5,29.65,,41.13,33.0,7.28,23.23,1012.44,63.57,0.29
"Wed, 2026-05-20 12:23:19",4,23.57,0.0,7.62,,7.28,23.18,1012.43,63.41,2.64
"Wed, 2026-05-20 12:24:23",4,27.73,25.09,62.09,52.0,7.14,23.28,1012.49,62.67,1.58
"Wed, 2026-05-20 12:25:20",4,25.24,4.22,20.62,12.0,7.19,23.33,1012.52,64.72,2.18
"Wed, 2026-05-20 12:26:21",5,30.42,2.87,32.4,52.0,6.94,23.24,1012.5,64.07,1.7
"Wed, 2026-05-20 12:27:25",4,19.95,3.3,18.62,12.0,7.22,23.25,1012.47,62.73,1.12
"Wed, 2026-05-20 12:28:22",4,22.94,1.67,29.37,28.0,7.07,23.38,1012.41,62.85,0.59
"Wed, 2026-05-20 12:29:20",5,27.28,0.0,38.49,71.0,7.26,22.5,1012.5,63.13,0.0
"Wed, 2026-05-20 12:30:24",5,24.28,3.13,14.07,3.0,7.12,23.08,1012.5,62.8,2.97
"Wed, 2026-05-20 12:31:21",4,30.42,,38.21,8.0,6.88,23.33,1012.54,62.75,0.51
"Wed, 2026-05-20 12:32:24",4,20.46,0.0,39.53,0.0,7.65,23.16,1012.54,62.73,1.6
"Wed, 2026-05-20 12:33:28",5,32.0,17.49,33.13,7.0,7.2,23.18,1012.64,64.54,1.31
"Wed, 2026-05-20 12:37:27",5,32.0,3.56,25.63,30.0,7.5,23.19,1012.51,65.92403073420562,1.34
"Wed, 2026-05-20 12:38:24",5,32.0,,33.01,44.0,7.15,23.29,1012.47,63.91,2.0
"Wed, 2026-05-20 12:40:22",5,27.01,18.94,31.99,26.0,7.55,23.39,1012.51,66.49,2.12
"Wed, 2026-05-20 12:41:22",4,30.09,3.37,,24.0,7.04,23.18,1012.55,63.97,2.48
"Wed, 2026-05-20 12:42:19",5,20.97,0.0,25.73,0.0,7.28,23.39,1012.66,63.29,0.0
"Wed, 2026-05-20 12:43:18",5,20.55,1.72,39.36,7.0,7.05,,1012.53,63.22,2.8
"Wed, 2026-05-20 12:47:58",5,,0.65,37.09,0.0,7.71,23.35,1012.9444271441887,64.19,3.2
"Wed, 2026-05-20 12:49:03",4,27.76,4.8,31.75,47.0,7.2,23.2,1012.65,67.5,3.13
"Wed, 2026-05-20 12:50:02",4,22.51,0.0,29.52,26.0,7.39,23.12,1012.68,67.23,0.27
"Wed, 2026-05-20 12:55:02",4,26.98,2.77,37.75,34.0,7.33,,1012.55,67.71,1.64
"Wed, 2026-05-20 12:55:58",4,15.44,0.0,26.54,13.0,7.24,23.11,1012.55,,
"Wed, 2026-05-20 12:56:59",4,21.11,13.25,39.78,46.0,7.34,23.1,1012.62,68.23,2.56
"Wed, 2026-05-20 12:57:54",5,22.66,,53.22,25.0,7.49,23.03,1012.71,67.63,0.43
"Wed, 2026-05-20 12:58:57",4,29.29,15.24,29.24,48.0,7.36,23.33,1012.74,65.4,2.23
"Wed, 2026-05-20 12:59:55",5,28.82,10.72,22.72,0.0,7.27,23.36,1012.7,67.01,2.61
"Wed, 2026-05-20 13:00:56",4,24.41,2.49,38.17,12.0,7.34,23.22,1012.69,67.72,2.5
"Wed, 2026-05-20 13:01:55",4,26.03,1.08,33.27,0.0,7.59,23.06,1012.6,68.08,1.48
"Wed, 2026-05-20 13:02:54",5,20.17,0.0,36.13,36.0,7.17,23.18,1012.65,67.43,2.02
"Wed, 2026-05-20 13:03:51",5,27.5,7.23,35.0,0.0,6.91,23.14,1012.81,67.18,2.52
"Wed, 2026-05-20 13:04:48",5,27.65,131.24,42.15,122.0,7.05,23.05,1012.67,67.51,0.75
"Wed, 2026-05-20 13:05:47",5,29.83,9.83,33.91,77.0,7.06,23.12,1012.64,67.25,2.49
"Wed, 2026-05-20 13:06:46",4,32.31,2.13,35.18,93.0,7.09,23.24,1012.67,66.01,0.93
"Wed, 2026-05-20 13:07:50",4,21.94,8.85,58.61,107.0,7.09,23.11,1012.7,68.74,0.77
"Wed, 2026-05-20 13:08:48",5,24.18,15.31,52.52,69.0,7.24,23.21,1012.75,67.21,2.95
"Wed, 2026-05-20 13:09:48",5,22.96,115.35206066392266,42.96,73.0,7.29,22.96,1012.73,67.83,0.8
"Wed, 2026-05-20 13:10:49",5,26.18,4.74,39.01,126.0,7.29,23.38,1012.65,67.64,0.53
"Wed, 2026-05-20 13:12:44",4,26.87,1.76,27.14,162.0,7.11,23.13,1012.77,59.64,2.69
"Wed, 2026-05-20 13:13:41",5,24.81,5.07,48.02,87.0,7.42,23.28,1012.74,66.85,2.35
"Wed, 2026-05-20 13:14:39",5,29.24,4.86,36.44,112.0,7.34,23.2,1012.67,67.58,2.19
"Wed, 2026-05-20 13:15:43",4,21.63,9.96,28.2,94.0,7.53,23.23,1012.69,66.13,1.07
"Wed, 2026-05-20 13:16:45",4,19.81,12.97,29.59,178.0,7.4,23.04,1012.73,69.52,1.88
"Wed, 2026-05-20 13:17:42",5,,5.09,21.87,176.0,7.18,23.09,1012.86,67.49,0.12
"Wed, 2026-05-20 13:18:47",5,24.47,0.0,46.26,130.0,7.48,23.09,1012.85,,0.0
"Wed, 2026-05-20 13:19:51",5,21.46,8.01,41.59,142.0,7.29,23.18,1012.82,,0.92
"Wed, 2026-05-20 13:20:53",5,25.61,4.57,35.34,141.0,8.572305654900333,23.34,1012.82,,1.48
"Wed, 2026-05-20 13:21:51",5,25.22,13.52,36.56,87.0,7.37,23.23,1012.92,,2.09
"Wed, 2026-05-20 13:23:05",4,26.33,0.0,27.08,118.0,7.22,23.07,1012.89,,0.81
"Wed, 2026-05-20 13:24:10",5,28.9,3.39,10.55,94.0,7.26,23.19,1012.98,,2.41
"Wed, 2026-05-20 13:25:07",4,27.27,5.65,19.69,117.0,7.22,23.17,1012.82,,
"Wed, 2026-05-20 13:26:09",5,29.61,15.83,29.91,140.0,7.09,23.14,1012.86,,0.59
"Wed, 2026-05-20 13:27:10",4,23.58,,22.25,154.0,6.86,23.18,1012.87,,2.54
"Wed, 2026-05-20 13:28:07",4,27.45,0.2,37.83,74.0,7.12,23.27,1012.91,,1.52
"Wed, 2026-05-20 13:29:50",5,23.98,0.0,42.37,58.0,7.28,23.09,1012.94,,1.71
"Wed, 2026-05-20 13:30:48",5,25.95,1.4,30.68,141.0,7.44,23.14,,,1.32
"Wed, 2026-05-20 13:31:52",5,28.49,8.14,47.61,142.0,7.39,23.3,1012.79,68.01,2.3
"Wed, 2026-05-20 13:32:56",5,24.58,0.63,21.59,119.0,7.19,23.23,1012.81,68.02,0.39
"Wed, 2026-05-20 13:34:51",5,27.85,2.02,33.1,122.0,7.12,23.33,1012.86,67.53,2.02
"Wed, 2026-05-20 13:35:48",5,,,,0.0,7.21,23.35,1012.92,67.51,0.68
"Wed, 2026-05-20 13:36:53",5,28.74,2.75,61.910571484285285,134.0,7.07,23.01,1012.77,68.48,0.47
"Wed, 2026-05-20 13:37:58",5,24.08,27.85,35.54,105.0,6.86,23.21,1012.78,68.53,1.61
"Wed, 2026-05-20 13:39:03",5,29.11,2.62,33.57,136.0,6.97,23.12,1012.9,67.69,0.69
"Wed, 2026-05-20 13:40:18",5,26.36,1.59,20.81,104.0,7.49,23.03,1012.78,68.57,2.33
"Wed, 2026-05-20 13:41:16",5,0.0,29.07,22.55,118.0,7.58,23.08,1012.79,68.6,1.69
"Wed, 2026-05-20 13:42:14",4,22.89,14.42,42.88,112.0,7.38,23.14,1012.92,66.79,1.1
"Wed, 2026-05-20 13:43:11",5,21.05,5.7,7.61,91.0,7.23,23.14,1012.84,67.55,25.92
"Wed, 2026-05-20 13:44:15",4,23.53,10.0,51.29,76.0,6.99,23.11,1012.84,69.77,17.74
"Wed, 2026-05-20 13:45:10",4,,8.66,44.46,161.0,7.22,23.18,1012.94,68.92,17.38
"Wed, 2026-05-20 13:46:09",5,21.44,6.01,21.22,90.0,7.35,23.47,1012.79,68.37,40.89
"Wed, 2026-05-20 13:47:04",4,28.96,3.6,22.83,132.0,7.39,22.97,1012.78,69.88,25.82
"Wed, 2026-05-20 13:48:08",5,26.31,14.21,53.04,127.0,7.37,23.31,1012.95,,35.77
"Wed, 2026-05-20 13:49:10",5,24.67,0.0,45.93,111.0,7.46,23.18,1012.87,69.24,17.3
"Wed, 2026-05-20 13:50:06",4,31.79,9.67,32.35,124.0,7.59,23.13,1012.9,67.3,18.0
"Wed, 2026-05-20 13:51:10",5,24.3,0.0,34.29,120.0,7.17,22.94,1012.84,68.36,32.06
"Wed, 2026-05-20 13:52:13",4,,29.72,28.91,75.0,7.75,23.27,1012.85,62.62,23.84
"Wed, 2026-05-20 13:53:09",5,23.86,11.44,32.01,126.0,6.88,23.01,1012.81,68.76,38.36
"Wed, 2026-05-20 13:54:12",5,11.94,15.24,27.45,99.0,7.1,23.28,1012.87,67.86,16.92
"Wed, 2026-05-20 13:58:18",4,30.41,2.77,29.06,143.0,7.28,23.39,1012.9,67.96,35.6
"Wed, 2026-05-20 13:59:23",4,26.09,14.37,50.36,140.0,7.34,23.02,1012.87,66.84,36.66
"Wed, 2026-05-20 14:01:36",4,34.78,0.0,26.81,77.0,7.21,23.32,1012.92,68.66,33.39
"Wed, 2026-05-20 14:02:35",5,24.7,15.58,21.74,121.0,7.16,23.18,1012.89,68.91,32.89
"Wed, 2026-05-20 14:03:49",4,,38.77,18.7,87.0,7.64,22.93,1012.79,,28.67
"Wed, 2026-05-20 14:05:21",5,30.37,,37.65,119.0,,23.03,1012.85,69.89,36.03
"Wed, 2026-05-20 14:06:21",4,25.22,13.63,25.45,96.0,7.06,23.2,1012.83,70.44,31.93
"Wed, 2026-05-20 14:07:23",5,24.03,53.61,37.22,92.0,7.55,23.23,1012.9,68.56,41.05
"Wed, 2026-05-20 14:08:18",4,30.49,6.22,16.65,103.0,7.4,22.99,1012.88,68.32,18.75
"Wed, 2026-05-20 14:09:16",5,28.69,35.1,34.25,173.0,7.44,23.18,1012.86,68.35,16.87
"Wed, 2026-05-20 14:11:04",4,22.39,0.0,15.98,116.0,7.28,23.28,1012.92,67.61,28.81
"Wed, 2026-05-20 14:11:59",5,22.77,0.0,32.05,101.0,7.0,23.3,1012.74,68.82,23.48
"Wed, 2026-05-20 14:13:00",5,17.86,4.58,30.13,97.0,7.26,23.13,1012.82,68.43,23.03
"Wed, 2026-05-20 14:14:59",4,32.44,6.25,49.16,116.0,6.97,23.23,1012.82,70.79,18.11
"Wed, 2026-05-20 14:15:56",5,25.87,3.36,31.67,96.0,7.29,23.31,1012.87,68.67,39.59
"Wed, 2026-05-20 14:16:56",5,25.94,3.61,32.95,95.0,7.35,24.14,1050.74,74.44,42.47
"Wed, 2026-05-20 14:17:55",5,20.91,3.59,37.08,111.0,7.44,23.28,1012.85,69.36,27.08
"Wed, 2026-05-20 14:18:58",5,23.0,2.94,48.98,111.0,7.23,,1012.78,,23.15
"Wed, 2026-05-20 14:19:59",5,25.2,1.43,32.37,102.0,7.38,23.17,1012.88,69.66,24.06
"Wed, 2026-05-20 14:22:43",4,25.21,0.0,33.97,82.0,7.08,23.21,1012.86,,41.58
"Wed, 2026-05-20 14:23:42",4,24.19,1.5,44.24,100.0,7.42,23.09,1012.77,67.73,14.73
"Wed, 2026-05-20 14:24:37",4,28.55,7.5,42.21,85.0,,23.31,1012.84,68.92,35.31
"Wed, 2026-05-20 14:25:40",4,31.88,0.0,38.6,69.0,7.1,22.99,1012.88,68.86,30.5
"Wed, 2026-05-20 14:26:45",4,22.12,0.0,33.64,110.0,7.34,23.12,1012.95,70.48,41.26
"Wed, 2026-05-20 14:27:57",5,21.01,0.0,30.24,168.0,7.44,23.17,1012.79,69.35,20.41
"Wed, 2026-05-20 14:28:53",5,25.64,0.0,46.79,145.0,7.26,23.23,1012.9,70.0,19.15
"Wed, 2026-05-20 14:29:55",5,21.28,0.22,41.86,161.0,7.1,23.26,1012.79,68.56,19.44
"Wed, 2026-05-20 14:33:06",5,26.93,3.99,85.85,98.0,7.28,23.36,1012.78,68.76,33.3
"Wed, 2026-05-20 14:34:02",4,25.89,2.08,17.99,139.0,7.34,23.19,1012.78,67.47,28.41
"Wed, 2026-05-20 14:36:10",5,20.04,0.27,23.15,118.0,7.09,23.09,1012.89,69.37,33.29
"Wed, 2026-05-20 14:37:15",4,34.11,2.71,42.0,161.0,7.06,23.16,1012.86,69.24,20.85
"Wed, 2026-05-20 14:38:19",4,24.35,2.7,14.75,133.0,7.34,23.14,1012.84,68.99,15.0
"Wed, 2026-05-20 14:40:11",5,21.15,0.0,40.18,104.0,7.39,23.24,1012.88,68.9,30.77
"Wed, 2026-05-20 14:41:10",5,30.02,4.8,38.95,130.0,7.63,23.05,1012.86,69.13,19.34
"Wed, 2026-05-20 14:42:10",5,24.33,0.0,27.63,124.0,7.36,23.16,1012.86,68.52,46.99
"Wed, 2026-05-20 14:43:10",4,29.83,0.35,43.5,80.0,7.03,23.37,1012.84,69.69,41.35
"Wed, 2026-05-20 14:44:13",5,24.31,1.75,19.14,109.0,7.61,23.2,1012.79,69.57,20.95
"Wed, 2026-05-20 14:45:16",4,23.8,0.6,68.93,415.0,7.43,23.05,1012.96,67.85,32.35
"Wed, 2026-05-20 14:47:19",4,26.83,2.75,64.03,132.0,6.88,23.14,1012.94,68.95,18.89
"Wed, 2026-05-20 14:48:19",5,28.95,1.85,47.34,124.0,7.06,22.91,1012.95,70.0,39.9
"Wed, 2026-05-20 14:49:15",4,30.19,0.64,42.95,99.0,7.460937388375497,23.17,1012.82,70.3,32.31
"Wed, 2026-05-20 14:50:15",5,,5.65,38.73,,7.4,23.38,1012.81,70.0,27.22
"Wed, 2026-05-20 14:52:30",5,28.73,3.51,74.06,110.0,6.82,23.04,1012.83,69.98,35.51
"Wed, 2026-05-20 14:53:33",4,12.34,0.08,41.52,97.0,7.22,23.0,1012.92,67.68,13.57
"Wed, 2026-05-20 14:55:25",5,27.9,3.34,40.6,95.0,7.38,23.1,1012.85,69.68,21.91
"Wed, 2026-05-20 14:56:26",5,26.38,0.0,51.12,135.0,6.73,23.29,1012.82,69.9,21.95
"Wed, 2026-05-20 14:57:24",5,21.82,6.88,28.81,121.0,7.38,23.38,1012.88,70.0,22.42
"Wed, 2026-05-20 14:58:23",5,28.97,,40.01,118.0,7.4,23.23,1012.81,69.85,15.38
"Wed, 2026-05-20 14:59:22",5,27.02,1.47,61.64,163.0,7.09,23.02,1012.77,,47.72
"Wed, 2026-05-20 15:01:00",4,25.35,0.03,55.33,130.0,7.04,23.18,1012.86,67.95,26.55
"Wed, 2026-05-20 15:02:00",5,31.35,0.81,44.62,142.0,7.09,23.39,1012.82,70.0,38.77
"Wed, 2026-05-20 15:02:58",5,21.88,0.0,38.92,119.0,6.76,,1012.85,70.0,17.48
"Wed, 2026-05-20 15:03:57",4,30.91,0.0,38.94,112.0,7.19,23.19,1012.69,67.59,39.28
"Wed, 2026-05-20 15:04:55",5,26.8,4.66,42.54,86.0,7.28,23.21,1012.8,70.0,34.8
"Wed, 2026-05-20 15:05:57",5,27.99,0.0,36.71,118.0,7.614931210464924,22.99,1012.85,70.0,37.43
"Wed, 2026-05-20 15:10:54",5,25.49,3.85,43.13,46.0,7.42,23.3,1012.76,69.92,35.48
"Wed, 2026-05-20 15:11:51",5,21.04,2.18,33.96,119.0,7.26,23.28,1012.77,70.0,32.59
"Wed, 2026-05-20 15:12:52",5,26.39,0.0,42.2,120.0,7.29,22.94,1012.86,64.93,32.62
"Wed, 2026-05-20 15:13:56",5,28.05,2.88,51.6,107.0,7.17,23.02,1012.9,70.0,41.31
"Wed, 2026-05-20 15:15:01",5,29.24,0.99,47.14,110.0,7.38,23.06,1012.8,69.89,23.37
"Wed, 2026-05-20 15:15:58",5,26.18,0.0,34.34,81.0,7.48,23.27,1012.84,70.0,13.3
"Wed, 2026-05-20 15:16:58",4,18.28,0.0,31.41,164.0,9.06,23.09,1012.84,70.1,45.9
"Wed, 2026-05-20 15:17:55",4,20.65,,40.62,85.0,7.38,23.23,1012.76,69.27,44.15
"Wed, 2026-05-20 15:18:50",5,32.0,3.69,59.01,88.0,5.5,23.16,1012.93,70.0,28.78
"Wed, 2026-05-20 15:19:55",5,23.05,1.26,30.41,126.0,7.32,23.19,1012.84,68.87,36.82
"Wed, 2026-05-20 15:20:59",5,31.87,0.68,33.94,115.0,7.55,23.24,1012.84,70.0,40.57
"Wed, 2026-05-20 15:21:55",4,21.8,0.05,36.62,106.0,7.11,23.21,1012.88,69.49,27.35
"Wed, 2026-05-20 15:22:53",4,23.45,0.04,36.24,124.0,7.17,23.18,1012.76,68.16,18.1
"Wed, 2026-05-20 15:24:47",5,29.06,0.0,29.94,110.0,7.1,23.22,1012.91,79.00876266314017,31.56
"Wed, 2026-05-20 15:25:59",5,24.01,0.86,51.32,97.0,7.37,23.2,1012.92,70.0,24.67
"Wed, 2026-05-20 15:31:55",4,31.25,3.45,38.99,132.0,7.2,23.15,1012.86,70.45,17.92
"Wed, 2026-05-20 15:36:20",5,27.14,1.35,43.4,98.0,7.12,23.13,1012.88,69.47,47.13
"Wed, 2026-05-20 15:37:15",5,28.49,6.66,38.51,108.0,7.54,23.4,1012.84,70.0,37.51
"Wed, 2026-05-20 15:38:12",5,25.94,0.0,46.53,101.0,7.57,23.12,1012.91,70.0,39.84
"Wed, 2026-05-20 15:39:13",4,27.6,0.0,47.86,112.0,7.19,23.34,1012.81,69.51,31.48
"Wed, 2026-05-20 15:41:06",5,32.0,2.28,3.3,86.0,7.0,23.1,1012.85,70.0,16.78
"Wed, 2026-05-20 15:42:07",5,26.42,1.77,59.51,69.0,7.58,23.28,1012.86,70.0,33.95
"Wed, 2026-05-20 15:43:02",5,32.0,0.0,43.22,120.0,9.5,23.39,1012.85,70.0,37.32
"Wed, 2026-05-20 15:43:59",4,22.13,2.6,25.45,108.0,7.32,23.14,1012.92,69.55,33.5
"Wed, 2026-05-20 15:45:28",5,29.55,2.26,38.59,70.0,7.26,23.1,1012.99,70.0,76.95
"Wed, 2026-05-20 15:46:29",5,28.59,0.0,21.946694927049535,102.0,7.1,23.35,1012.85,70.0,38.09
"Wed, 2026-05-20 15:47:33",4,23.81,0.2,49.07,110.0,7.17,23.18,1012.88,,25.17
"Wed, 2026-05-20 15:48:32",5,27.63,0.0,18.98,119.0,7.37,23.22,1012.81,70.0,30.44
"Wed, 2026-05-20 15:49:27",5,26.9,0.0,35.13,103.0,7.16,23.17,1012.92,69.7,33.12
"Wed, 2026-05-20 15:50:30",5,23.89,0.0,17.25,180.0,7.32,23.13,1012.82,70.0,47.55
"Wed, 2026-05-20 15:52:02",4,28.63,2.55,33.37,104.0,7.25,23.41,1013.04,69.98,27.61
"Wed, 2026-05-20 15:53:15",5,27.39,6.47,27.88,135.0,7.05,23.15,1012.75,70.0,13.32
"Wed, 2026-05-20 15:54:14",4,26.29,1.87,32.64,120.0,7.54,23.1,1012.98,70.51,60.92351391077724
"Wed, 2026-05-20 15:55:36",5,26.64,0.0,15.45,110.0,7.35,23.28,,70.0,42.21
"Wed, 2026-05-20 15:56:38",5,26.56,1.92,81.75,98.0,7.3,23.28,1012.79,70.0,18.29
"Wed, 2026-05-20 15:57:37",4,25.22,0.33,26.53,98.0,7.34,23.35,1012.99,69.73,39.19
"Wed, 2026-05-20 15:58:41",4,28.1,0.0,23.44,79.0,6.92,23.41,1012.8,69.79,46.8
"Wed, 2026-05-20 16:00:32",4,23.38,1.83,43.16,121.0,7.16,23.22,1012.21,70.04,14.08
"Wed, 2026-05-20 16:02:25",5,32.0,4.52,26.51,75.0,6.97,22.360168853800026,1012.78,70.0,33.42
"Wed, 2026-05-20 16:03:23",5,21.94,0.0,27.99,93.0,7.27,22.95,1012.85,70.0,16.93
"Wed, 2026-05-20 16:04:21",5,24.83,0.0,22.4,90.0,7.3,23.07,1012.85,70.0,40.96
"Wed, 2026-05-20 16:05:18",4,26.03,0.0,21.58,42.0,7.27,23.2,1012.9,71.19,13.81
"Wed, 2026-05-20 16:06:28",4,33.76,0.0,0.0,114.0,7.46,23.04,1013.0,69.86,30.83
"Wed, 2026-05-20 16:07:32",4,20.48,0.0,19.89,,6.97,22.99,1012.82,72.65,36.13
"Wed, 2026-05-20 16:08:30",5,,,,81.0,7.1,23.19,1012.69,70.0,16.47
"Wed, 2026-05-20 16:09:30",5,27.75,0.0,38.13,122.0,8.53,23.27,1012.89,70.0,39.58
"Wed, 2026-05-20 16:10:34",5,28.04,2.99,14.35,57.0,7.29,22.5,1012.82,70.0,17.49
"Wed, 2026-05-20 16:11:33",4,29.05,3.15,1.2,97.0,7.01,23.29,1012.96,70.84,18.93
"Wed, 2026-05-20 16:12:30",5,32.0,2.48,13.8,93.0,7.46,23.25,1012.85,70.0,44.82
"Wed, 2026-05-20 16:13:35",4,22.86,3.32,6.07,125.0,7.52,23.32,1012.81,70.16,40.81
"Wed, 2026-05-20 16:16:18",5,27.56,0.0,0.0,98.0,7.32,23.44,1012.79,70.0,36.94
"Wed, 2026-05-20 16:17:14",5,20.35,,13.0,94.0,6.97,23.49,1012.89,70.0,40.27
"Wed, 2026-05-20 16:18:10",5,27.22,0.0,23.04,130.0,7.27,23.27,1012.84,70.0,16.79
"Wed, 2026-05-20 16:19:07",5,24.1,0.0,32.06,344.0,7.31,23.12,1014.2438239072322,70.0,28.88
"Wed, 2026-05-20 16:20:03",4,,75.59,,117.0,7.2,23.19,1012.84,69.7,38.24
"Wed, 2026-05-20 16:21:08",5,20.98,0.0,16.14,82.0,7.49,23.37,1012.94,70.0,41.91
"Wed, 2026-05-20 16:22:03",4,28.44,4.64,5.85,155.0,7.22,23.07,1012.77,69.57,28.68
"Wed, 2026-05-20 16:23:03",5,20.94,2.62,21.57,80.0,7.62,23.35,1012.75,70.0,25.96
"Wed, 2026-05-20 16:24:05",4,28.46,2.76,29.7,110.0,7.39,23.16,1012.9,71.0,38.42
"Wed, 2026-05-20 16:26:58",4,24.16,0.86,20.71,83.0,7.29,23.21,1012.83,71.07,72.21
"Wed, 2026-05-20 16:28:56",4,23.25,5.01,18.4,80.0,7.41,22.5,1012.84,70.67,47.57
"Wed, 2026-05-20 16:29:59",4,31.9,0.0,0.0,117.0,7.52,23.02,1012.79,68.5,68.51
"Wed, 2026-05-20 16:31:03",5,28.93,0.0,18.27,,7.41,23.14,1012.79,70.0,67.4
"Wed, 2026-05-20 16:32:08",5,30.9,5.09,26.81,91.0,7.23,23.33,1012.89,69.86,56.55
"Wed, 2026-05-20 16:33:13",4,32.75,1.96,24.6,116.0,7.13,23.09,1012.85,69.44,67.35
"Wed, 2026-05-20 16:34:11",5,24.17,,23.53,70.0,7.04,23.37,1012.79,70.0,68.76
"Wed, 2026-05-20 16:35:06",5,32.0,3.53,33.9,81.0,6.81,23.11,1012.9,70.0,67.41
"Wed, 2026-05-20 16:36:09",4,32.14,0.56,30.05,98.0,7.28,23.05,1012.93,70.2,75.98
"Wed, 2026-05-20 16:37:06",5,29.49,0.0,38.08,116.0,7.17,23.21,1012.85,70.0,52.49
"Wed, 2026-05-20 16:38:11",5,25.15,0.0,33.24,104.0,7.18,23.26,1012.92,70.0,84.5
"Wed, 2026-05-20 16:39:14",5,23.62,1.59,20.9,96.0,6.929718014368395,23.2,1012.79,70.0,80.35
"Wed, 2026-05-20 16:41:24",5,29.03,2.05,22.9,70.0,7.22,23.2,1012.89,70.0,79.28
"Wed, 2026-05-20 16:42:28",5,30.18,6.16,22.35,70.0,7.59,23.37,1012.86,70.0,84.53
"Wed, 2026-05-20 16:43:23",4,28.03,0.72,26.01,107.0,7.14,23.19,1012.81,71.54,62.22
"Wed, 2026-05-20 16:44:22",4,26.36,0.3,43.9,78.0,7.07,23.12,1012.98,71.16,91.86
"Wed, 2026-05-20 16:45:18",5,27.34,5.5,45.79,103.0,7.02,23.04,1012.87,70.0,62.1
"Wed, 2026-05-20 16:46:14",5,28.72,4.34,38.75,132.0,7.37,23.33,1012.82,70.0,62.49
"Wed, 2026-05-20 16:47:19",5,27.94,1.7,27.89,113.0,7.45,23.13,1012.86,70.0,81.81
"Wed, 2026-05-20 16:48:21",4,29.74,0.0,17.69,81.0,7.14,23.14,1012.8,69.57,80.83
"Wed, 2026-05-20 16:49:21",4,27.77,0.0,31.14,79.0,7.05,,1012.79,69.09,59.33
"Wed, 2026-05-20 16:50:16",4,30.36,0.0,,160.0,7.52,23.42,1012.83,70.21,79.99
"Wed, 2026-05-20 16:54:14",4,20.86,0.36,47.7,85.0,6.98,23.21,1012.83,70.02,66.67
"Wed, 2026-05-20 16:55:15",4,25.52,0.0,16.1,110.0,7.43,23.16,1012.81,69.97,57.59
"Wed, 2026-05-20 16:56:11",5,22.03,5.19,32.39,116.0,7.14,23.18,1012.93,70.0,79.91
"Wed, 2026-05-20 16:57:54",5,27.85,0.0,22.37,102.0,7.32,23.12,1012.81,70.0,72.05
"Wed, 2026-05-20 16:58:49",5,32.0,0.0,32.23,123.0,7.44,23.14,1012.8,70.0,78.59
"Wed, 2026-05-20 17:00:42",5,,,,73.0,7.33,23.14,1012.78,70.0,81.41
"Wed, 2026-05-20 17:05:44",4,27.66,2.74,45.9,84.0,7.19,23.29,1012.78,70.13,
"Wed, 2026-05-20 17:06:47",5,29.52,0.0,36.67,130.0,7.5,23.17,1012.92,70.0,87.26
"Wed, 2026-05-20 17:07:49",4,19.34,0.0,41.14,115.0,7.3,23.34,1012.87,68.86,51.25
"Wed, 2026-05-20 17:09:40",5,25.05,0.04,26.8,101.0,7.91,23.16,1012.9,70.0,80.58
"Wed, 2026-05-20 17:10:39",4,24.27,5.37,35.56,121.0,6.94,23.13,1012.92,70.43,79.65
"Wed, 2026-05-20 17:11:43",5,16.74,5.25,40.56,123.0,,23.33,1012.83,,
"Wed, 2026-05-20 17:12:44",5,23.46,0.0,34.49,86.0,7.42,23.18,1012.94,,87.93
"Wed, 2026-05-20 17:13:46",5,30.73,1.18,29.32,152.0,7.24,23.16,1012.82,70.0,74.43
"Wed, 2026-05-20 17:14:50",5,,,,125.0,7.39,23.18,1012.79,70.0,68.4
"Wed, 2026-05-20 17:15:49",5,28.19,3.21,39.1,105.0,7.05,23.35,1012.88,70.0,72.69
"Wed, 2026-05-20 17:16:47",4,31.44,6.16,20.27,102.0,7.25,23.21,1012.86,69.46,80.46
"Wed, 2026-05-20 17:17:44",5,27.63,4.99,25.04,109.0,7.33,23.33,1012.86,70.0,63.13
"Wed, 2026-05-20 17:18:40",5,28.82,1.31,36.0,87.0,7.15,23.15,1012.92,70.0,58.11
"Wed, 2026-05-20 17:19:36",5,25.77,0.0,15.11,140.0,7.29,23.31,1012.86,70.0,63.57
"Wed, 2026-05-20 17:20:38",5,27.28,1.19,24.99,109.0,7.0,23.21,1012.87,70.0,81.36
"Wed, 2026-05-20 17:21:42",4,24.33,4.92,18.63,150.0,7.32,23.28,1012.94,70.71,71.53
"Wed, 2026-05-20 17:22:40",5,31.3,0.57,17.87,145.0,7.5,23.29,1012.87,70.0,88.55
"Wed, 2026-05-20 17:23:45",5,32.0,0.0,16.55,156.0,7.02,23.06,1012.88,70.0,69.38
"Wed, 2026-05-20 17:24:49",4,31.3,0.75,36.97,365.0,8.6,23.19,1012.77,70.06,92.41
"Wed, 2026-05-20 17:25:45",4,23.65,0.06,32.03,179.0,7.46,23.29,1013.08,70.04,80.58
"Wed, 2026-05-20 17:26:41",4,24.8,0.0,41.08,171.0,7.01,23.31,1012.76,69.13,62.89
"Wed, 2026-05-20 17:27:39",5,31.35,2.48,26.15,144.0,7.4,23.33,1012.82,70.0,67.12
"Wed, 2026-05-20 17:28:37",4,27.82,2.91,50.32,173.0,7.25,23.19,1012.82,70.35,89.51
"Wed, 2026-05-20 17:30:30",4,28.25,6.86,9.86,150.0,7.17,23.36,1012.98,71.23,86.76
"Wed, 2026-05-20 17:31:27",4,23.21,0.0,16.84,94.0,7.51,23.1,1012.82,70.96,58.11
"Wed, 2026-05-20 17:32:30",5,28.37,3.52,49.1,174.0,7.41,23.0,1012.88,69.49,81.96
"Wed, 2026-05-20 17:33:35",4,24.11,3.44,40.1,184.0,7.29,23.14,1013.27,69.73,85.56
"Wed, 2026-05-20 17:34:33",4,29.8,3.0,37.62,172.0,6.86,23.32,1012.79,70.26,60.41
"Wed, 2026-05-20 17:35:34",5,31.7,0.0,41.54,131.0,7.37,23.05,1012.89,70.0,72.73
"Wed, 2026-05-20 17:39:43",4,32.47,0.0,38.13,183.0,7.05,23.0,1012.81,68.9,79.59
"Wed, 2026-05-20 17:40:42",5,29.36,1.77,40.55,143.0,7.2,22.97,1012.87,70.0,55.89
"Wed, 2026-05-20 17:41:42",5,22.04,0.65,31.2,130.0,7.25,23.27,1012.89,69.91,81.94
"Wed, 2026-05-20 17:43:13",5,,0.0,43.5,136.0,7.59,23.0,1012.97,70.0,58.22
"Wed, 2026-05-20 17:44:11",5,32.0,10.34,44.03,191.0,7.2,23.24,1012.78,70.0,66.19
"Wed, 2026-05-20 17:45:45",5,23.84,0.0,47.53,374.0,6.99,23.14,1012.85,70.0,57.78
"Wed, 2026-05-20 17:47:11",4,24.13,0.0,56.68,134.0,7.51,23.09,1012.85,70.61,76.78
"Wed, 2026-05-20 17:48:09",4,32.07,1.18,43.66,231.0,7.38,23.06,1012.85,68.81,60.8
"Wed, 2026-05-20 17:49:08",4,29.07,20.88,24.23,177.0,7.38,22.5,1013.01,66.64,65.03
"Wed, 2026-05-20 17:50:09",4,29.15,2.9,57.38,112.0,7.51,23.09,1012.84,70.43,55.27
"Wed, 2026-05-20 17:51:08",5,24.31,1.73,28.96,117.0,7.55,23.18,1012.7,70.0,47.45
"Wed, 2026-05-20 17:53:12",4,24.15,5.07,,122.0,7.08,23.23,1012.84,70.69,81.56
"Wed, 2026-05-20 17:55:17",4,33.24,0.0,38.94,141.0,6.99,23.25,1012.85,71.15,59.4
"Wed, 2026-05-20 17:56:22",5,22.69,0.0,101.97,68.0,7.4,23.29,1012.84,70.0,62.25
"Wed, 2026-05-20 17:57:19",5,26.19,5.64,47.4,82.0,7.2,23.2,1012.81,70.0,47.13
"Wed, 2026-05-20 17:58:22",4,23.83,0.0,45.24,110.0,7.82,23.05,1012.78,69.0,69.57
"Wed, 2026-05-20 17:59:24",4,32.6,1.49,128.0,199.0,7.04,,1012.98,,60.6
"Wed, 2026-05-20 18:00:21",4,,5.12,31.65,155.0,7.35,23.26,1012.87,,70.84
"Wed, 2026-05-20 18:01:19",4,27.4,4.99,103.07,120.0,7.32,23.16,1012.84,70.1,74.4
"Wed, 2026-05-20 18:02:16",5,25.47,2.88,29.28,84.0,7.22,23.14,1012.98,68.96,45.59
"Wed, 2026-05-20 18:03:14",5,31.13,3.8,42.51,113.0,6.99,23.47,1012.8,70.0,55.51
"Wed, 2026-05-20 18:04:34",5,32.0,0.0,45.52,116.0,7.46,23.02,1012.79,70.0,64.01
"Wed, 2026-05-20 18:06:16",5,29.3,5.59,61.35,112.0,7.29,23.24,1012.78,68.91,78.14
"Wed, 2026-05-20 18:07:12",5,27.23,0.0,41.69,108.0,7.45,23.3,1012.9,70.0,48.37
"Wed, 2026-05-20 18:08:11",5,22.33,0.0,22.38,105.0,6.87,23.14,1012.79,69.43,75.82
"Wed, 2026-05-20 18:10:08",4,24.93,1.94,57.69,98.0,7.25,23.16,1012.88,61.02,91.09
"Wed, 2026-05-20 18:11:10",4,27.73,0.0,50.44,82.0,7.12,23.13,1012.97,70.25,45.98
"Wed, 2026-05-20 18:12:13",5,25.01,1.45,42.09,150.0,7.25,23.18,1012.86,69.21,58.33
"Wed, 2026-05-20 18:13:12",5,26.82,2.39,41.14,93.0,7.41,23.29,1012.72,69.47,77.84
"Wed, 2026-05-20 18:14:17",4,30.66,7.21,34.62,97.0,7.31,23.15,1012.86,67.38,89.93
"Wed, 2026-05-20 18:15:12",4,32.33,3.07,68.26,,7.25,23.55,1012.88,71.32,85.31
"Wed, 2026-05-20 18:16:11",4,27.44,0.0,48.68,135.0,7.25,23.12,1012.91,70.06,75.66
"Wed, 2026-05-20 18:17:35",4,20.2,2.5,121.62,109.0,6.96,23.34,1012.94,69.38,81.9
"Wed, 2026-05-20 18:18:40",5,31.56,0.0,51.71,139.0,7.08,23.24,1012.95,69.81,67.63
"Wed, 2026-05-20 18:19:41",5,26.71,3.82,0.0,100.0,7.45,23.19,1012.85,69.79,68.61
"Wed, 2026-05-20 18:20:44",5,20.83,0.4,54.23,111.0,7.93,23.35,1012.82,70.0,71.84
"Wed, 2026-05-20 18:22:04",4,28.92,2.69,39.4,139.0,7.45,22.99,1012.79,68.96,85.84
"Wed, 2026-05-20 18:23:06",4,28.91,0.0,41.98,65.0,7.39,23.23,1012.82,69.8,64.72
"Wed, 2026-05-20 18:24:48",5,18.39,0.0,39.04,133.0,7.4,23.09,1012.88,70.0,67.1
"Wed, 2026-05-20 18:25:44",5,23.99,0.0,68.52,140.0,7.3,23.13,1012.77,70.0,77.75
"Wed, 2026-05-20 18:26:41",4,27.36,6.29,54.0,137.0,7.17,23.12,1012.8,69.45,57.09
"Wed, 2026-05-20 18:27:41",4,29.57,0.0,38.26,137.0,7.22,23.06,1012.89,69.37,64.05
"Wed, 2026-05-20 18:28:36",5,25.07,,79.39138243759989,168.0,7.36,,1012.82,70.0,49.51
"Wed, 2026-05-20 18:34:34",5,23.96,0.0,54.98,115.0,6.86,23.22,1012.88,70.0,80.29
"Wed, 2026-05-20 18:35:30",5,29.42,0.77,52.42,120.0,7.47,23.17,1012.81,70.0,75.65
"Wed, 2026-05-20 18:36:26",5,25.24,0.73,55.67,107.0,7.15,23.14,1012.78,70.0,70.34
"Wed, 2026-05-20 18:39:49",5,28.77,6.33,39.2,119.0,7.23,,1012.96,,88.74
"Wed, 2026-05-20 18:40:47",5,22.99,2.28,42.95,139.0,7.23,23.23,,70.0,67.92
"Wed, 2026-05-20 18:41:44",4,19.49,1.55,37.91,95.0,7.24,23.15,1012.88,70.4,66.35
"Wed, 2026-05-20 18:42:39",5,29.52,5.4,46.53,62.0,7.01,23.54,1012.86,69.64,55.89
"Wed, 2026-05-20 18:43:37",5,27.76,0.0,30.68,128.0,7.27,23.3,1012.93,70.0,66.98
"Wed, 2026-05-20 18:45:33",4,32.01,4.8,32.65,88.0,7.35,23.47,1012.92,70.11,49.81
"Wed, 2026-05-20 18:47:38",5,25.01,3.53,48.37,134.0,6.88,23.13,1012.93,70.0,47.47
"Wed, 2026-05-20 18:48:37",5,24.09,,48.94,115.0,7.01,23.21,1012.87,70.0,82.08
"Wed, 2026-05-20 18:49:39",4,30.18,1.36,28.54,140.0,7.41,23.03,1012.9,69.78,90.7
"Wed, 2026-05-20 18:50:42",4,19.61,0.0,34.54,82.0,7.37,23.14,1012.92,69.54,64.93
"Wed, 2026-05-20 18:52:05",5,31.26,22.04,43.89,102.0,7.3,23.11,1012.99,69.75,50.3
"Wed, 2026-05-20 18:53:20",5,31.5,0.0,58.58,106.0,7.12,23.54,1012.92,69.64,52.2
"Wed, 2026-05-20 18:54:18",5,29.89,0.0,57.74,78.0,7.37,23.09,1012.84,69.46,11.55
"Wed, 2026-05-20 18:55:14",5,24.47,1.85,,143.0,7.03,23.15,1012.91,69.34,13.08
"Wed, 2026-05-20 18:56:14",5,24.02,0.0,50.52,74.0,7.22,23.0,1012.89,70.0,8.23
"Wed, 2026-05-20 18:57:09",5,26.14,2.29,40.34,142.0,7.01,23.24,1012.78,70.0,
"Wed, 2026-05-20 18:58:13",5,22.34,1.89,49.34,126.0,7.22,23.07,1012.79,69.77,5.87
"Wed, 2026-05-20 18:59:16",5,23.51,0.0,46.72,110.0,7.06,23.29,1012.89,70.0,11.11
"Wed, 2026-05-20 19:00:19",5,29.13,0.0,30.75,124.0,7.38,22.96,1012.9,70.0,7.5
"Wed, 2026-05-20 19:01:23",5,29.15,0.76,51.87,123.0,7.32,23.16,1012.88,70.0,9.84
"Wed, 2026-05-20 19:02:18",5,23.2,0.0,48.97,105.0,7.14,22.96,1012.95,69.74,10.72
"Wed, 2026-05-20 19:04:19",4,29.43,0.0,35.7,145.0,7.44,23.12,1012.84,70.61,5.46
"Wed, 2026-05-20 19:05:19",5,28.47,6.44,36.93,133.0,7.07,23.14,1012.81,70.0,14.48
"Wed, 2026-05-20 19:06:23",5,32.0,0.0,24.69,91.0,7.24,23.11,1012.85,70.0,12.87
"Wed, 2026-05-20 19:07:24",4,29.49,7.48,46.81,,7.13,23.12,1012.86,68.97,10.19
"Wed, 2026-05-20 19:08:27",5,30.58,2.53,43.9,,7.38,23.29,1012.89,70.0,4.39
"Wed, 2026-05-20 19:09:24",5,28.55,4.32,37.45,67.0,7.36,23.44,1012.85,69.34,5.66
"Wed, 2026-05-20 19:10:24",4,30.44,4.23,31.64,124.0,7.48,,1012.55,,3.91
"Wed, 2026-05-20 19:11:22",4,23.15,2.28,40.0,111.0,5.5,23.07,1012.74,69.53,7.62
"Wed, 2026-05-20 19:12:21",5,26.45,6.03,39.12,94.0,6.71,23.19,1012.91,69.74,6.56
"Wed, 2026-05-20 19:13:23",5,26.74,0.0,38.3,114.0,7.17,23.14,,70.0,14.85
"Wed, 2026-05-20 19:14:26",4,26.11,0.51,24.79,312.0,7.53,23.28,1012.78,68.36,7.35
"Wed, 2026-05-20 19:15:24",5,28.43,0.0,55.26,90.0,7.19,23.21,1012.94,70.0,8.3
"Wed, 2026-05-20 19:16:20",4,29.69,0.0,43.67,94.0,6.9,22.99,1012.99,68.99,13.69
"Wed, 2026-05-20 19:17:29",5,28.25,0.0,34.63,66.0,7.33,23.31,1012.89,67.28,12.25
"Wed, 2026-05-20 19:21:10",5,26.26,6.63,16.51,133.0,7.34,23.29,1012.91,69.51,6.73
"Wed, 2026-05-20 19:22:15",5,24.3,0.2,44.97,104.0,7.11,23.36,1012.91,70.0,14.65
"Wed, 2026-05-20 19:23:17",5,30.72,,43.61,139.0,7.2,23.12,1012.76,70.0,8.2
"Wed, 2026-05-20 19:24:14",5,28.1,7.55,48.8,104.0,,23.21,1012.95,70.0,8.75
"Wed, 2026-05-20 19:29:45",5,23.31,9.56,44.59,124.0,7.34,23.04,1012.97,70.0,42.4
"Wed, 2026-05-20 19:31:20",4,27.46,6.72,50.21,129.0,7.25,23.17,1013.01,69.36,11.58
"Wed, 2026-05-20 19:32:17",4,22.59,7.27,34.52,95.0,7.03,23.23,1012.87,,12.99
"Wed, 2026-05-20 19:33:22",4,26.45,2.1,33.37,130.0,7.24,23.1,1012.83,69.6,10.01
"Wed, 2026-05-20 19:34:20",5,26.18,1.69,38.45,104.0,7.11,23.22,1012.98,69.31,7.33
"Wed, 2026-05-20 19:35:23",5,24.87,1.69,44.27,84.0,7.51,23.2,1012.93,69.19,
"Wed, 2026-05-20 19:37:04",5,32.0,1.88,52.8,134.0,7.41,23.12,1012.95,70.0,7.93
"Wed, 2026-05-20 19:38:04",4,22.95,0.95,0.0,145.0,7.22,23.35,1012.86,68.65,12.12
"Wed, 2026-05-20 19:38:59",4,29.22,3.74,48.79,144.0,7.26,23.15,1012.91,69.75,3.1
"Wed, 2026-05-20 19:39:58",5,32.0,0.48,45.73,101.0,7.43,23.19,1012.83,70.0,8.78
"Wed, 2026-05-20 19:40:58",5,30.65,0.0,42.79,97.0,7.21,23.0,1012.9,69.23,14.03
"Wed, 2026-05-20 19:41:55",4,26.86,2.18,59.46,106.0,7.38,23.24,1012.88,68.95,11.72
"Wed, 2026-05-20 19:43:49",4,24.24,,56.48,115.0,7.51,23.12,1013.04,68.99,5.77
"Wed, 2026-05-20 19:44:45",4,21.23,0.0,58.39,113.0,7.16,23.29,1012.93,71.11,12.29
"Wed, 2026-05-20 19:45:44",5,25.44,0.47,31.34,,7.54,23.02,1012.77,70.0,3.23
"Wed, 2026-05-20 19:46:40",4,25.49,0.0,62.16,88.0,7.49,23.23,1012.9,69.9,7.35
"Wed, 2026-05-20 19:47:38",4,25.64,4.06,39.32,115.0,7.29,22.92,1012.92,70.58,6.9
"Wed, 2026-05-20 19:48:42",5,25.73,0.44,35.52,27.0,7.16,23.25,1012.87,70.0,7.83
"Wed, 2026-05-20 19:49:37",4,24.81,4.54,18.61,125.0,7.29,23.16,1012.83,69.53,4.11
"Wed, 2026-05-20 19:50:38",5,28.57,1.98,45.43,91.0,7.2,23.23,1012.94,69.34,9.94
"Wed, 2026-05-20 19:51:42",4,22.97,0.19,32.18,7.0,7.1,23.11,1012.84,68.11,12.15
"Wed, 2026-05-20 19:52:46",5,24.49,1.23,46.4,141.0,7.34,23.06,1012.93,65.39,7.06
"Wed, 2026-05-20 19:53:50",5,26.32,0.0,26.18,129.0,7.06,23.13,1012.84,66.38,9.51
"Wed, 2026-05-20 19:54:54",4,25.97,2.02,,132.0,,23.2,1012.87,65.42,9.8
"Wed, 2026-05-20 19:55:59",4,33.77,4.43,46.95,156.0,7.19,23.25,1012.96,65.5,15.17
"Wed, 2026-05-20 19:56:59",5,27.69,4.2,60.7,117.0,7.0,23.21,1012.93,65.3,13.87
"Wed, 2026-05-20 19:58:00",5,21.23,0.0,28.17,193.0,7.36,23.07,1012.9,64.85,13.41
"Wed, 2026-05-20 19:58:55",4,28.04,0.0,57.34,157.0,7.2,23.4,1012.9,66.75,11.22
"Wed, 2026-05-20 19:59:52",4,27.79,0.0,26.0,172.0,7.48,23.22,1012.9,66.57,10.52
"Wed, 2026-05-20 20:00:48",4,25.82,5.2,36.71,119.0,7.2,22.547453543185036,1012.85,65.7,3.88
"Wed, 2026-05-20 20:01:47",5,,1.14,38.54,135.0,7.17,23.23,1012.81,61.78,11.57
"Wed, 2026-05-20 20:02:49",5,32.0,0.0,38.91,110.0,7.08,23.21,1012.93,66.92,11.55
"Wed, 2026-05-20 20:03:53",5,23.13,0.0,35.22,183.0,7.25,23.16,1012.99,66.34,7.62
"Wed, 2026-05-20 20:04:50",4,32.47,0.0,30.02,141.0,7.25,23.14,,64.4,6.74
"Wed, 2026-05-20 20:05:45",5,27.58,0.0,28.45,172.0,7.38,23.3,1012.91,64.43,15.2
"Wed, 2026-05-20 20:06:50",5,28.98,4.23,33.69,159.0,7.26,23.39,1012.83,66.1,30.01
"Wed, 2026-05-20 20:07:51",4,33.74,4.92,40.68,168.0,7.62,22.93,1012.95,66.03,28.58
"Wed, 2026-05-20 20:08:59",4,0.42,0.0,46.94,160.0,7.33,23.33,1012.93,66.24,38.63
"Wed, 2026-05-20 20:10:04",5,24.92,3.08,37.73,153.0,7.07,23.18,1012.84,65.15,19.39
"Wed, 2026-05-20 20:10:59",5,30.75,3.64,58.68,156.0,7.05,23.21,1012.96,65.64,27.68
"Wed, 2026-05-20 20:11:55",5,24.67,0.0,25.23,168.0,7.34,23.34,1012.99,64.97,42.3
"Wed, 2026-05-20 20:12:52",5,27.45,0.94,36.22,169.0,7.06,22.86,1012.83,65.3,33.8
"Wed, 2026-05-20 20:13:56",5,22.35,1.45,46.97,228.0,7.35,23.28,1012.82,65.5,40.16
"Wed, 2026-05-20 20:15:46",4,23.69,1.06,40.89,211.0,7.41,23.33,1012.91,64.23,36.66
"Wed, 2026-05-20 20:19:56",4,27.74,0.0,30.25,96.0,7.41,28.42065727059606,1012.84,,32.16
"Wed, 2026-05-20 20:20:53",4,27.66,1.7,49.57,139.0,7.09,28.44385531247891,1012.83,66.19,26.24
"Wed, 2026-05-20 20:21:52",5,20.92,2.12,34.07,,7.41,28.350415174012056,1012.97,66.39,26.32
"Wed, 2026-05-20 20:23:03",5,28.62,6.11,30.06,96.0,7.3,24.04989743154144,1012.84,64.72,
"Wed, 2026-05-20 20:24:45",4,26.77,0.0,46.17,109.0,7.13,29.228085092892197,1012.9,,
"Wed, 2026-05-20 20:25:48",4,30.38,0.14,40.54,195.0,7.22,23.3,1012.8,66.84,34.37
"Wed, 2026-05-20 20:26:53",5,25.64,0.3,35.86,160.0,7.33,23.23,1012.9,66.03,40.36
"Wed, 2026-05-20 20:27:51",5,22.94,1.39,36.49,135.0,7.12,23.25,1012.97,65.48,27.45
"Wed, 2026-05-20 20:28:56",5,27.14,1.44,28.74,167.0,7.3,23.15,1012.97,65.14,23.71
"Wed, 2026-05-20 20:29:59",4,24.79,2.44,35.52,128.0,7.5,23.23,1012.96,64.97,39.22
"Wed, 2026-05-20 20:31:00",5,31.32,0.0,55.31,156.0,7.42,23.09,1012.89,65.26,29.53
"Wed, 2026-05-20 20:31:57",5,26.88,2.3,110.36,128.0,7.26,23.11,,65.11,22.48
"Wed, 2026-05-20 20:32:54",5,26.35,0.0,43.84,146.0,7.29,23.18,1012.92,65.79,14.5
"Wed, 2026-05-20 20:34:01",5,28.95,0.99,46.76,157.0,7.15,22.99,1012.87,65.33,37.99
"Wed, 2026-05-20 20:35:02",5,,5.71,32.07,196.0,7.15,23.25,1012.92,66.41,30.62
"Wed, 2026-05-20 20:36:01",5,22.36,0.0,20.07,181.0,6.97,22.88,1012.95,65.62,33.05
"Wed, 2026-05-20 20:37:00",5,28.31,0.49,33.31,187.0,7.29,23.22,1012.82,66.48,36.4
"Wed, 2026-05-20 20:38:57",5,23.03,0.0,32.66,172.0,7.37,23.23,1012.83,66.05,34.62
"Wed, 2026-05-20 20:40:02",5,23.03,0.99,28.66,194.0,7.23,23.08,1012.89,65.54,21.27
"Wed, 2026-05-20 20:40:59",5,29.81,4.69,55.66,153.0,7.09,23.03,1012.82,66.44,32.25
"Wed, 2026-05-20 20:41:58",5,28.71,1.89,44.84,158.0,7.26,23.13,1012.82,65.39,
"Wed, 2026-05-20 20:42:56",4,20.31,0.1,61.77,163.0,7.49,23.25,1012.87,66.02,25.42
"Wed, 2026-05-20 20:43:58",4,23.71,4.77,26.74,162.0,7.41,23.22,1012.96,65.82,30.41
"Wed, 2026-05-20 20:45:03",5,23.71,1.63,56.74,179.0,5.5,23.04,1012.96,65.91,14.7
"Wed, 2026-05-20 20:46:01",5,32.0,4.34,54.03,177.0,7.61,,1012.92,65.37,42.31
"Wed, 2026-05-20 20:46:59",5,30.05,3.73,40.15,214.0,7.73,,1012.91,64.85,20.02
"Wed, 2026-05-20 20:47:55",5,25.4,0.0,44.36,216.0,7.16,23.2,1013.02,65.76,23.41
"Wed, 2026-05-20 20:48:59",5,,1.18,,169.0,7.2,23.06,1012.87,65.34,26.1
"Wed, 2026-05-20 20:49:56",5,22.13,0.0,37.94,142.0,7.37,,1012.91,65.79,36.09
"Wed, 2026-05-20 20:50:56",4,22.93,0.0,33.68,169.0,7.08,23.29,1012.86,67.18,20.54
"Wed, 2026-05-20 20:52:18",4,31.68,5.59,34.51,168.0,7.4,23.24,1012.82,65.24,40.8
"Wed, 2026-05-20 20:53:35",5,28.46,0.22,,211.0,7.26,23.23,1012.97,65.62,32.21
"Wed, 2026-05-20 20:54:36",4,26.37,6.74,35.36,227.0,5.63,23.38,1012.88,65.23,20.2
"Wed, 2026-05-20 20:55:38",5,27.74,0.0,29.55,167.0,7.14,23.2,1012.94,66.19,18.05
"Wed, 2026-05-20 20:56:43",5,,0.0,,175.0,7.1,23.08,1012.88,66.03,44.49
"Wed, 2026-05-20 20:58:47",5,26.3,3.31,48.89,158.0,6.89,23.08,1012.97,67.03,28.81
"Wed, 2026-05-20 20:59:48",4,24.73,0.0,27.51,215.0,7.51,23.2,1012.84,65.26,24.89
"Wed, 2026-05-20 21:00:53",5,32.0,2.8,47.01,,7.41,23.01,1012.97,65.37,18.95
"Wed, 2026-05-20 21:01:55",4,27.96,0.89,46.18,214.0,7.37,23.14,1012.95,65.75,29.09
"Wed, 2026-05-20 21:02:53",5,28.31,0.9,29.81,212.0,7.31,23.23,1012.79,66.12,28.68
"Wed, 2026-05-20 21:04:46",4,28.21,0.3,37.59,222.0,6.83,23.32,1012.87,66.35,17.63
"Wed, 2026-05-20 21:05:43",5,22.75,1.03,29.24,164.0,,22.99,1012.96,66.58,36.81
"Wed, 2026-05-20 21:06:43",5,23.38,2.51,47.98,188.0,7.2,23.19,1013.0,65.17,43.81
"Wed, 2026-05-20 21:07:48",4,27.63,6.16,40.35,236.0,7.05,23.17,1012.94,66.94,40.52843696425872
"Wed, 2026-05-20 21:09:15",4,32.77,1.27,42.45,190.0,6.94,23.18,1012.87,66.42,57.47
"Wed, 2026-05-20 21:10:19",5,27.41,0.01,45.94,167.0,7.07,23.19,1012.84,65.22,21.64
"Wed, 2026-05-20 21:11:20",4,10.17,0.0,33.37,254.0,7.25,23.17,1012.93,65.77,43.21
"Wed, 2026-05-20 21:12:19",4,29.06,5.64,27.47,191.0,6.95,23.34,1012.87,66.02,32.63
"Wed, 2026-05-20 21:13:22",5,22.9,2.58,50.51,,7.41,23.33,,66.05,20.37
"Wed, 2026-05-20 21:14:19",5,31.46,0.0,48.21,212.0,7.62,23.44,1012.88,65.05,31.89
"Wed, 2026-05-20 21:20:11",5,27.53,0.0,39.55,207.0,7.37,23.18,1012.95,65.05,27.58
"Wed, 2026-05-20 21:22:11",5,24.53,0.0,46.43,249.0,7.21,23.13,1013.01,65.04,15.43
"Wed, 2026-05-20 21:23:08",5,26.29,1.71,57.76,184.0,7.57,23.06,1012.96,56.46,47.22
"Wed, 2026-05-20 21:24:51",5,25.03,,49.3,253.0,6.96,23.12,1012.9,65.82,19.98
"Wed, 2026-05-20 21:25:50",5,28.255703779938862,3.34,29.58,203.0,6.87,23.26,1012.84,65.1,23.93
"Wed, 2026-05-20 21:27:28",5,26.17,0.48,24.61,224.0,7.08,23.28,1012.94,65.52,32.73
"Wed, 2026-05-20 21:28:28",4,26.52,5.38,26.22,,7.39,23.26,1013.0,,31.1
"Wed, 2026-05-20 21:33:25",4,27.83,3.73,41.28,219.0,7.27,23.1,1012.96,66.55,15.56
"Wed, 2026-05-20 21:34:26",5,24.28,0.95,51.17,205.0,7.04,23.1,1012.91,66.71,32.83
"Wed, 2026-05-20 21:35:22",4,26.67,4.65,32.52,199.0,7.11,23.41,1012.87,65.95,36.4
"Wed, 2026-05-20 21:36:21",5,27.84,0.0,35.05,201.0,7.02,23.08,1012.96,66.78,47.24
"Wed, 2026-05-20 21:37:18",4,22.29,0.04,34.04,284.0,7.02,23.35,1012.94,64.59,19.29
"Wed, 2026-05-20 21:38:22",5,27.76,1.65,34.12,217.0,7.52,23.23,1012.91,65.82,19.44
"Wed, 2026-05-20 21:39:25",4,25.71,2.89,40.96,289.0,7.22,23.09,1013.11,67.84,42.98
"Wed, 2026-05-20 21:40:29",5,27.33,,30.22,272.0,7.56,23.04,1012.9,66.2,30.18
"Wed, 2026-05-20 21:41:29",5,27.0,0.35,55.37,280.0,7.08,23.1,1012.89,64.65,29.11
"Wed, 2026-05-20 21:42:29",5,27.78,2.45,38.63,290.0,7.33,23.23,1012.96,65.41,39.44
"Wed, 2026-05-20 21:43:30",4,29.48,3.24,62.35,282.0,7.29,23.07,1012.94,66.13,21.23
"Wed, 2026-05-20 21:44:32",4,20.78,4.05,32.9,242.0,7.4,22.66,1013.01,64.79,44.37
"Wed, 2026-05-20 21:45:28",5,25.68,3.21,52.67,230.0,7.29,23.15,1013.01,66.37,34.68
"Wed, 2026-05-20 21:46:23",4,28.22,1.28,59.23,341.0,7.42,23.26,1012.88,67.36,40.12
"Wed, 2026-05-20 21:47:28",5,28.56,3.39,39.92,209.0,6.05,23.25,1012.9,65.77,33.85
"Wed, 2026-05-20 21:48:25",4,29.93,0.75,40.45,281.0,7.05,23.37,1012.9,65.48,37.98
"Wed, 2026-05-20 21:49:25",4,31.53,2.32,32.82,263.0,7.38,23.13,1013.0,65.51,23.29
"Wed, 2026-05-20 21:50:23",5,29.03,3.82,24.58,279.0,7.23,23.19,1012.98,65.84,86.60573254711902
"Wed, 2026-05-20 21:51:41",5,,1.57,36.83,247.0,7.1,23.01,1012.93,66.45,24.89
"Wed, 2026-05-20 21:53:12",4,25.19,2.03,41.09,286.0,7.37,23.19,1012.96,64.96,44.98
"Wed, 2026-05-20 21:56:18",5,23.4,3.47,21.96,280.0,7.41,23.31,1012.88,66.07,37.06
"Wed, 2026-05-20 21:57:13",4,27.32,3.08,61.99,342.0,7.16,23.2,1012.91,66.24,26.82
"Wed, 2026-05-20 21:59:15",5,29.37,5.18,39.3,279.0,7.18,23.46,1012.87,65.35,19.31
"Wed, 2026-05-20 22:00:16",5,28.3,8.31,40.3,309.0,6.99,23.24,1012.96,65.47,31.56
"Wed, 2026-05-20 22:01:15",5,28.29,3.43,30.09,302.0,6.92,23.11,1012.96,66.88,38.4
"Wed, 2026-05-20 22:02:10",5,26.13,0.0,39.88,301.0,7.2,23.23,1012.89,64.98,30.36
"Wed, 2026-05-20 22:06:10",4,22.84,2.45,37.95,303.0,7.39,23.0,1012.98,65.01,38.95
"Wed, 2026-05-20 22:07:15",5,26.25,2.42,39.2,282.0,7.14,23.08,1013.01,66.75,19.15
"Wed, 2026-05-20 22:08:15",5,29.41,3.33,41.99,282.0,7.5,23.03,,60.48,27.73
"Wed, 2026-05-20 22:09:40",5,32.0,6.36,48.43,318.0,7.21,23.18,1012.93,65.5,3.0
"Wed, 2026-05-20 22:10:38",5,27.96,0.0,46.06,282.0,7.21,23.17,1012.98,65.8,12.38
"Wed, 2026-05-20 22:12:43",5,31.88,6.4,47.59,200.0,7.19,23.32,1012.95,66.02,8.54
"Wed, 2026-05-20 22:13:41",5,29.57,7.06,43.99,260.0,7.42,23.17,1012.87,65.73,11.59
"Wed, 2026-05-20 22:14:50",5,28.4,7.37,44.69,274.0,7.09,24.83,1092.98,68.73,11.87
"Wed, 2026-05-20 22:15:52",5,28.78,3.17,38.97,286.0,7.22,23.37,1012.92,66.04,15.27
"Wed, 2026-05-20 22:17:32",5,30.86,0.98,48.77,237.0,7.15,22.82,,65.72,6.67
"Wed, 2026-05-20 22:18:34",5,32.0,1.9,40.61,288.0,7.14,23.18,1012.94,66.15,3.92
"Wed, 2026-05-20 22:19:33",5,27.18,3.25,41.9,248.0,7.25,23.2,1013.04,66.33,12.93
"Wed, 2026-05-20 22:20:29",4,30.74,3.48,40.8,304.0,7.22,23.18,1012.94,65.53,4.92
"Wed, 2026-05-20 22:21:34",5,29.31,3.64,32.9,255.0,7.43,23.24,1012.85,,5.42
"Wed, 2026-05-20 22:22:34",4,27.96,3.22,42.45,,7.24,23.19,1012.96,65.25,6.01
"Wed, 2026-05-20 22:25:49",5,28.7,4.08,41.25,262.0,7.34,23.24,1013.05,66.27,12.23
"Wed, 2026-05-20 22:26:51",4,33.52,96.38,35.04,287.0,7.28,23.11,1012.94,66.1,13.24
"Wed, 2026-05-20 22:27:55",4,27.56,0.0,45.0,273.0,7.5,23.0,1012.92,66.68,13.03
"Wed, 2026-05-20 22:29:09",5,32.0,4.37,43.55,307.0,7.19,23.17,1012.93,65.78,5.19
"Wed, 2026-05-20 22:31:17",5,31.34,7.35,56.95,348.0,7.19,23.05,1012.98,65.53,8.8
"Wed, 2026-05-20 22:33:03",5,25.35,0.8,33.36,276.0,7.38,23.09,1012.93,65.47,6.94
"Wed, 2026-05-20 22:33:59",5,32.0,6.38,70.59,313.0,7.19,23.32,1012.86,65.15,14.64
"Wed, 2026-05-20 22:34:58",4,24.42,0.0,21.57,262.0,7.33,23.36,1012.91,67.44,9.58
"Wed, 2026-05-20 22:36:38",5,32.0,1.79,45.07,307.0,7.67,23.32,1012.95,65.12,5.51
"Wed, 2026-05-20 22:40:28",5,33.24341086188973,0.0,24.99,255.0,7.07,23.29,1012.98,66.26,5.53
"Wed, 2026-05-20 22:41:30",5,30.27,5.76,14.17,275.0,7.52,23.19,1012.91,65.64,5.97
"Wed, 2026-05-20 22:42:34",5,25.71,5.86,10.76,289.0,7.16,23.3,1012.93,64.72,9.97
"Wed, 2026-05-20 22:43:33",4,30.54,1.38,11.4,275.0,7.49,23.22,1012.95,67.22,8.11
"Wed, 2026-05-20 22:44:29",5,32.0,5.39,30.3,243.0,7.37,23.41,1012.9,67.0,8.13
"Wed, 2026-05-20 22:45:24",5,27.42,6.14,1.33,254.0,7.35,23.07,1012.94,65.73,7.89
"Wed, 2026-05-20 22:46:26",4,27.08,1.2,22.14,279.0,7.22,23.26,1012.98,66.12,3.96
"Wed, 2026-05-20 22:48:00",5,31.83,2.24,15.07,266.0,7.2,23.03,1012.88,64.39,10.94
"Wed, 2026-05-20 22:48:55",5,31.92,4.07,29.8,240.0,7.11,23.26,1012.97,66.04,
"Wed, 2026-05-20 22:49:50",4,22.16,,25.26,256.0,7.25,22.97,1012.88,64.68,5.9
"Wed, 2026-05-20 22:50:48",5,32.0,,0.0,,7.21,23.03,1012.89,65.63,12.41
"Wed, 2026-05-20 22:51:53",4,33.33,8.31,31.77,279.0,7.28,23.02,1012.91,66.4,15.71
"Wed, 2026-05-20 22:52:55",4,35.1,0.38,15.66,282.0,6.99,23.21,1013.03,66.11,10.37
"Wed, 2026-05-20 22:58:40",5,29.74,4.1,18.57,287.0,7.25,23.22,1012.85,65.57,10.75
"Wed, 2026-05-20 22:59:41",4,24.28,2.21,8.48,265.0,7.47,23.47,1012.92,69.06,11.01
"Wed, 2026-05-20 23:00:36",4,30.97,1.39,23.63,258.0,7.41,23.17,1012.95,67.1,7.46
"Wed, 2026-05-20 23:01:32",5,28.26,1.98,128.0,298.0,7.25,23.27,1013.02,66.02,4.7
"Wed, 2026-05-20 23:02:29",4,30.61,,20.02,263.0,7.71,25.55,1013.07,65.36,8.53
"Wed, 2026-05-20 23:03:51",5,29.47,3.16,16.89,265.0,7.14,,1012.92,,5.7
"Wed, 2026-05-20 23:04:51",5,31.07,3.87,19.5,238.0,7.23,23.2,1012.98,65.06,10.34
"Wed, 2026-05-20 23:05:51",4,28.68,6.01,5.71,262.0,6.98,23.31,1012.94,65.02,9.34
"Wed, 2026-05-20 23:06:54",5,32.0,1.01,36.29,284.0,7.17,23.05,1012.94,66.74,2.46
"Wed, 2026-05-20 23:08:39",4,23.75,0.0,20.0,219.0,7.57,22.88,1012.97,69.15,
"Wed, 2026-05-20 23:09:44",5,32.0,7.18,8.73,249.0,7.18,23.23,1012.85,64.97,15.45
"Wed, 2026-05-20 23:10:44",4,32.35,2.29,15.18,225.0,6.97,22.96,1012.95,66.53,5.49
"Wed, 2026-05-20 23:11:41",5,32.0,4.56,25.77,295.0,7.4,23.34,1012.98,65.54,8.26
"Wed, 2026-05-20 23:13:41",4,31.56,0.0,32.81,218.0,7.31,23.11,1012.9,65.65,4.75
"Wed, 2026-05-20 23:14:40",5,29.94,2.74,12.84,273.0,7.39,23.05,1012.98,65.63,16.13
"Wed, 2026-05-20 23:15:39",4,30.72,0.0,20.62,273.0,7.19,23.5,1012.85,66.09,8.75
"Wed, 2026-05-20 23:16:36",4,30.4,1.75,27.97,446.0,7.06,23.18,1012.96,,62.62
"Wed, 2026-05-20 23:17:32",5,24.8,0.0,51.96,264.0,7.21,23.15,1013.03,65.08,16.36
"Wed, 2026-05-20 23:18:34",5,32.0,0.0,28.79,284.0,7.34,23.27,1012.94,66.34,11.2
"Wed, 2026-05-20 23:19:37",5,32.0,0.97,27.22,301.0,7.23,23.28,1012.89,64.57,13.17
"Wed, 2026-05-20 23:20:39",4,29.5,0.0,47.05,286.0,7.31,23.31,1012.86,66.05,7.0
"Wed, 2026-05-20 23:22:33",4,27.78,0.0,38.67,229.0,7.15,22.5,1012.97,67.25,5.82
"Wed, 2026-05-20 23:23:30",5,28.19,3.65,28.71,,7.32,23.24,1013.01,64.46,8.48
"Wed, 2026-05-20 23:24:30",5,23.87,1.7,45.07,8.0,7.24,23.14,1012.95,65.81,15.03
"Wed, 2026-05-20 23:25:30",5,32.0,0.0,41.93,274.0,7.12,23.07,1012.92,64.88,1.03
"Wed, 2026-05-20 23:26:28",5,24.63,2.42,30.73,226.0,7.27,23.18,1012.83,64.67,8.64
"Wed, 2026-05-20 23:27:33",5,31.24,0.0,33.14,268.0,7.17,22.96,1012.96,65.14,12.16
"Wed, 2026-05-20 23:28:38",4,29.47,3.34,29.11,245.0,7.36,23.29,1012.91,65.84,4.93
"Wed, 2026-05-20 23:29:37",5,25.25,0.52,32.71,245.0,7.4,23.14,1012.91,65.35,10.5
"Wed, 2026-05-20 23:30:34",5,31.07,0.76,23.66,272.0,7.33,23.12,1013.05,66.44,3.19
"Wed, 2026-05-20 23:31:31",4,29.09,1.17,50.01,236.0,6.95,23.16,1012.84,59.55,3.34
"Wed, 2026-05-20 23:32:32",5,32.0,9.56,55.04,264.0,7.07,23.16,1012.85,65.48,7.2
"Wed, 2026-05-20 23:33:37",4,22.61,0.0,36.39,274.0,7.13,23.31,1012.96,65.75,12.86
"Wed, 2026-05-20 23:35:01",4,29.13,1.9,36.31,271.0,7.1,23.05,1012.93,65.65,3.6
"Wed, 2026-05-20 23:36:01",5,21.88,,44.76,263.0,7.15,22.5,1012.92,,7.26
"Wed, 2026-05-20 23:37:53",4,22.11,0.0,53.97,260.0,7.41,23.15,1012.97,65.96,11.65
"Wed, 2026-05-20 23:38:55",5,32.0,0.0,53.39,264.0,7.37,23.05,1012.97,65.42,7.51
"Wed, 2026-05-20 23:39:55",4,32.2,0.07,11.78,248.0,7.17,23.2,1012.89,65.19,7.84
"Wed, 2026-05-20 23:41:41",4,31.66,3.94,32.79,294.0,7.35,23.09,1012.91,66.92,10.22
"Wed, 2026-05-20 23:42:39",4,26.26,0.16,43.25,237.0,7.3,23.01,1012.95,65.7,13.81
"Wed, 2026-05-20 23:43:37",4,29.17,0.76,33.2,341.0,7.24,23.24,1012.96,65.27,13.12
"Wed, 2026-05-20 23:44:42",5,32.0,4.61,55.54,290.0,7.07,23.36,,57.55,4.14
"Wed, 2026-05-20 23:45:47",4,29.46,0.0,54.9,198.0,7.13,23.18,,66.27,11.2
"Wed, 2026-05-20 23:46:48",5,31.07,1.47,19.09,277.0,7.25,,1012.97,,10.71
"Wed, 2026-05-20 23:47:51",5,30.19,0.0,95.09,301.0,7.06,23.16,1013.01,69.99,8.11
"Wed, 2026-05-20 23:48:51",5,28.25,2.28,29.01,285.0,7.06,23.12,1012.95,65.8,9.0
"Wed, 2026-05-20 23:49:51",4,27.26,2.03,37.56,274.0,7.0,23.32,1012.94,67.33,14.46
"Wed, 2026-05-20 23:50:49",5,31.27,4.15,29.79,274.0,7.07,23.19,1012.94,65.34,12.5
"Wed, 2026-05-20 23:51:45",5,26.82,0.0,39.66,280.0,7.26,22.92,1012.91,64.39,7.38
"Wed, 2026-05-20 23:52:41",5,31.82,1.28,31.96,295.0,7.19,23.32,,46.0658603132251,9.21
"Wed, 2026-05-20 23:54:34",4,33.77,0.0,6.44,267.0,7.2,23.29,1012.93,66.29,5.57
"Wed, 2026-05-20 23:55:35",5,30.69,0.94,18.5,260.0,7.19,23.25,1012.98,66.24,13.8
"Wed, 2026-05-20 23:58:10",5,32.0,6.32,26.93,316.0,7.56,22.85,1012.9,65.3,13.03
"Wed, 2026-05-20 23:59:08",4,28.34,0.56,,277.0,7.04,23.18,1012.95,63.85,4.9
"Thu, 2026-05-21 00:00:05",4,31.89,0.0,40.49,310.0,7.02,23.29,1012.94,64.59,10.26
"Thu, 2026-05-21 00:01:02",5,23.97,0.0,25.28,350.0,7.09,23.22,1013.06,64.58,8.88
"Thu, 2026-05-21 00:02:06",4,28.55,0.0,20.07,425.0,7.23,23.2,1012.99,64.13,4.8
"Thu, 2026-05-21 00:03:10",4,30.84,0.0,28.2,217.0,7.34,23.29,1012.99,67.44,3.57
"Thu, 2026-05-21 00:04:06",4,31.19,3.89,26.57,293.0,7.36,23.19,1013.01,64.85,12.87
"Thu, 2026-05-21 00:05:09",5,23.38,0.0,24.34,303.0,7.41,23.32,1012.92,65.93,6.71
"Thu, 2026-05-21 00:06:05",5,29.9,2.5,33.8,339.0,8.28,23.2,1013.03,66.82,10.14
"Thu, 2026-05-21 00:07:04",4,33.22,1.96,34.93,341.0,7.17,23.19,1012.96,64.73,68.99
"Thu, 2026-05-21 00:08:00",5,14.07,0.0,28.58,274.0,,23.29,1012.95,64.63,3.72
"Thu, 2026-05-21 00:08:56",5,29.49,2.18,30.03,287.0,6.74,23.13,1012.88,65.69,10.11
"Thu, 2026-05-21 00:09:51",4,32.49,0.0,32.08,283.0,7.26,23.05,1012.93,68.46,14.24
"Thu, 2026-05-21 00:10:52",5,30.89,4.23,45.19,213.0,7.32,23.18,1012.84,65.59,12.61
"Thu, 2026-05-21 00:12:45",4,32.28,0.0,33.78,270.0,5.5,23.25,1012.93,66.89,5.52
"Thu, 2026-05-21 00:13:44",4,34.28,0.69,47.33,255.0,6.95,23.29,1012.92,64.71,5.06
"Thu, 2026-05-21 00:14:48",5,,,,291.0,7.17,23.29,1012.93,65.53,12.27
"Thu, 2026-05-21 00:15:44",5,28.98,3.49,37.2,228.0,7.0,23.17,1012.87,70.0,4.56
"Thu, 2026-05-21 00:16:40",4,28.35,2.86,36.33,224.0,6.92,23.16,1012.99,66.32,10.25
"Thu, 2026-05-21 00:17:42",5,29.45,0.0,18.97,282.0,7.21,23.11,1012.99,66.54,30.015823686990935
"Thu, 2026-05-21 00:18:39",5,26.18,1.77,25.26,285.0,7.39,23.21,1013.05,64.83,13.19
"Thu, 2026-05-21 00:19:36",4,30.96,0.0,51.43,273.0,7.46,22.98,1013.05,66.56,6.63
"Thu, 2026-05-21 00:20:34",5,28.89,,25.48,322.0,7.15,23.18,1012.96,64.55,8.75
"Thu, 2026-05-21 00:21:36",5,27.89,0.94,33.07,315.0,7.36,23.52,1013.01,65.57,12.14
"Thu, 2026-05-21 00:22:34",4,33.9,0.82,0.0,248.0,6.049919378008533,23.0,1012.97,65.69,2.95
"Thu, 2026-05-21 00:23:34",5,26.24,2.52,23.55,316.0,7.34,23.2,1012.92,66.11,10.65
"Thu, 2026-05-21 00:25:28",5,32.0,4.04,23.55,319.0,7.45,23.22,1012.93,65.36,15.04
"Thu, 2026-05-21 00:26:29",4,28.81,0.0,32.27,263.0,7.21,23.24,1012.99,65.2,9.98
"Thu, 2026-05-21 00:28:16",5,32.0,0.0,33.29,276.0,7.44,23.06,1013.2,65.45,4.58
"Thu, 2026-05-21 00:32:14",5,28.87,1.3,34.17,274.0,7.03,23.24,1013.02,65.4,14.51
"Thu, 2026-05-21 00:33:59",5,30.43,1.34,33.58,263.0,7.53,25.02,1092.53,61.12,14.36
"Thu, 2026-05-21 00:35:37",5,30.87,0.28,32.04,414.0,7.43,23.01,1012.98,66.01,7.2
"Thu, 2026-05-21 00:36:40",5,32.0,5.92,40.8,308.0,7.41,23.29,1012.98,66.07,5.13
"Thu, 2026-05-21 00:37:42",4,29.39,0.0,20.74,284.0,7.03,23.26,1012.94,66.65,
"Thu, 2026-05-21 00:38:37",5,30.371896450031997,0.0,33.34,261.0,7.21,23.06,1013.0,66.17,6.65
"Thu, 2026-05-21 00:39:37",5,32.0,0.1,40.18,252.0,7.3,23.11,1012.94,57.9,6.13
"Thu, 2026-05-21 00:40:36",5,29.93,7.58,30.52,256.0,7.32,23.11,1012.89,66.13,
"Thu, 2026-05-21 00:41:38",5,32.0,0.26,33.73,271.0,7.27,22.98,1012.98,66.6,6.02
"Thu, 2026-05-21 00:42:42",4,33.17,0.44,19.7,278.0,7.5,23.27,,66.73,12.87
"Thu, 2026-05-21 00:43:39",4,26.15,0.0,41.08,270.0,7.01,23.27,1012.94,67.01,9.09
"Thu, 2026-05-21 00:45:35",5,27.04,1.16,40.82,298.0,7.2,23.14,1012.97,67.72,7.9
"Thu, 2026-05-21 00:50:18",4,30.62,2.69,38.26,288.0,6.94,23.17,1013.01,66.98,5.54
"Thu, 2026-05-21 00:52:19",5,29.18,0.0,45.83,279.0,7.36,23.19,1012.95,68.06,12.28
"Thu, 2026-05-21 00:53:15",5,32.0,4.84,30.11,301.0,7.34,23.21,1012.92,67.15,7.03
"Thu, 2026-05-21 00:54:14",4,31.06,2.33,31.13,,7.85,23.02,1012.91,68.05,7.39
"Thu, 2026-05-21 00:55:15",4,,4.43,48.9,259.0,7.43,23.24,1012.93,67.59,5.9
"Thu, 2026-05-21 00:56:20",5,31.72,0.85,58.16,248.0,7.3,23.04,1013.04,67.66,14.57
"Thu, 2026-05-21 00:57:21",4,33.76,2.49,33.9,274.0,7.29,23.26,1012.94,66.07,10.32
"Thu, 2026-05-21 00:58:19",5,28.93,0.78,37.33,284.0,7.19,23.05,1012.97,68.31,4.08
"Thu, 2026-05-21 00:59:22",5,31.05,6.11,46.78,309.0,7.27,23.02,1012.93,66.81,5.21
"Thu, 2026-05-21 01:00:31",4,32.79,2.23,40.21,263.0,7.29,23.17,1012.93,68.91,11.28
"Thu, 2026-05-21 01:01:26",4,29.6,1.61,42.16,319.0,6.89,,1012.9,68.85,4.93
"Thu, 2026-05-21 01:02:30",5,32.0,0.5,41.83,258.0,7.28,22.44428796666739,1012.96,67.29,9.09
"Thu, 2026-05-21 01:03:33",4,,0.09,27.8,235.0,7.26,23.07,1013.75,69.74,5.34
"Thu, 2026-05-21 01:04:50",5,30.68,2.39,37.6,268.0,7.56,23.2,1013.03,67.59,7.83
"Thu, 2026-05-21 01:05:55",4,31.04,4.34,35.49,256.0,7.22,23.21,1012.94,67.21,10.91
"Thu, 2026-05-21 01:07:00",4,30.93,0.0,24.66,393.0,7.11,23.32,1012.95,66.77,8.13
"Thu, 2026-05-21 01:08:05",5,30.52,2.04,21.36,206.0,7.29,23.2,1012.94,67.65,3.06
"Thu, 2026-05-21 01:09:08",4,30.33,2.28,27.64,252.0,7.26,23.22,1012.97,69.92,7.9
"Thu, 2026-05-21 01:10:06",4,28.09,2.32,45.44,283.0,7.22,23.02,1013.04,66.37,15.03
"Thu, 2026-05-21 01:11:11",5,29.63,0.0,46.88,267.0,7.01,22.99,1012.89,66.59,12.25
"Thu, 2026-05-21 01:12:16",5,31.32,0.0,42.84,302.0,7.22,23.22,,68.12,12.52
"Thu, 2026-05-21 01:13:15",4,32.05,0.0,40.51,321.0,7.14,23.27,1012.86,68.85,10.59
"Thu, 2026-05-21 01:14:16",4,32.75,1.98,35.92,267.0,7.21,23.07,1013.02,69.21,3.38
"Thu, 2026-05-21 01:15:19",5,,0.0,35.43,304.0,7.38,23.21,1012.94,67.72,5.04
"Thu, 2026-05-21 01:17:18",5,32.0,0.39,39.35,336.0,7.12,23.16,1012.86,,2.92
"Thu, 2026-05-21 01:18:15",5,,0.0,41.67,,7.2,23.26,1012.87,66.05,5.45
"Thu, 2026-05-21 01:19:13",5,,0.0,,274.0,5.5,23.28,1013.09,67.37,10.74
"Thu, 2026-05-21 01:20:18",5,32.0,0.0,25.67,298.0,7.2,21.064078078338447,1013.05,66.38,
"Thu, 2026-05-21 01:21:22",5,32.0,4.15,33.14,305.0,7.71,23.3,1013.06,67.63,9.02
"Thu, 2026-05-21 01:23:01",4,30.01,3.32,4.44,283.0,7.29,23.21,1013.03,68.27,6.39
"Thu, 2026-05-21 01:23:57",5,32.0,2.33,34.54,263.0,7.02,23.11,1013.01,67.15,13.49
"Thu, 2026-05-21 01:24:56",5,32.0,0.97,17.6,318.0,7.09,23.12,1013.04,67.18,12.83
"Thu, 2026-05-21 01:25:53",5,,0.0,24.09,269.0,7.08,23.18,1013.11,66.91,11.09
"Thu, 2026-05-21 01:26:50",5,32.0,0.5,0.0,305.0,7.1,23.12,1013.05,67.54,6.79
"Thu, 2026-05-21 01:27:49",4,35.77,0.0,,278.0,7.34,,1013.1,67.02,
"Thu, 2026-05-21 01:29:25",5,29.51,2.25,20.18,321.0,7.05,22.9,1013.06,66.91,12.54
"Thu, 2026-05-21 01:30:28",5,27.69,3.09,5.34,254.0,7.18,23.17,1013.11,68.07,9.45
"Thu, 2026-05-21 01:35:16",5,32.0,2.85,17.38,254.0,7.45,22.94,1013.1,69.14,11.0
"Thu, 2026-05-21 01:36:18",5,30.32,5.42,21.4,297.0,7.15,22.97,1013.04,68.23,6.03
"Thu, 2026-05-21 01:37:49",5,32.0,0.17,13.5,247.0,7.37,22.78,1013.01,67.45,13.55
"Thu, 2026-05-21 01:38:54",4,29.08,0.0,29.9,254.0,6.94,22.88,1013.13,69.07,16.89
"Thu, 2026-05-21 01:39:57",5,32.0,4.99,15.01,314.0,7.18,22.92,1013.02,67.21,6.56
"Thu, 2026-05-21 01:40:56",5,32.0,2.38,7.43,231.0,7.08,22.84,1013.1,67.2,6.73
"Thu, 2026-05-21 01:41:56",5,32.0,1.14,1.45,285.0,7.3,22.86,1013.07,68.09,4.41
"Thu, 2026-05-21 01:42:55",5,29.57,7.05,12.42,306.0,7.06,22.97,1013.04,68.12,15.79
"Thu, 2026-05-21 01:43:55",5,32.0,3.61,22.16,275.0,7.62,22.98,1013.1,61.4,7.33
"Thu, 2026-05-21 01:44:52",5,32.0,1.31,0.0,252.0,6.95,22.76,1013.15,67.74,13.32
"Thu, 2026-05-21 01:46:56",5,32.0,0.0,13.81,269.0,7.45,,1013.11,68.18,10.52
"Thu, 2026-05-21 01:47:57",4,30.93,5.78,0.0,236.0,7.4,23.0,1013.08,67.02,7.05
"Thu, 2026-05-21 01:48:55",5,30.18,2.23,14.41,,7.3,22.86,1013.17,67.39,8.61
"Thu, 2026-05-21 01:49:50",5,32.0,1.95,26.95,268.0,7.25,22.85,1012.97,67.94,61.502988593020675
"Thu, 2026-05-21 01:50:55",5,32.0,3.91,,262.0,7.76,22.99,1013.01,67.95,18.172680959538788
"Thu, 2026-05-21 01:51:54",5,32.0,125.18,28.25,287.0,7.83,22.63,1013.04,67.78,40.37784769502391
"Thu, 2026-05-21 01:52:58",4,29.06,3.53,47.23,320.0,7.7,22.94,1013.16,,0.0
"Thu, 2026-05-21 01:53:53",5,32.0,4.53,31.32,283.0,7.59,23.14,1013.13,67.75,0.0
"Thu, 2026-05-21 01:54:49",5,32.0,3.23,19.5,309.0,7.88,22.64,1012.97,67.35,60.35082740380426
"Thu, 2026-05-21 01:55:45",5,32.0,3.54,27.64,315.0,7.85,23.05,1013.05,66.85,0.0
"Thu, 2026-05-21 01:57:04",4,29.67,0.0,0.0,282.0,7.51,23.02,1012.99,65.94,0.0
"Thu, 2026-05-21 01:58:25",5,32.0,7.31,0.65,282.0,7.88,22.79,1013.07,67.88,37.9936885553291
"Thu, 2026-05-21 01:59:29",4,32.09,0.0,15.86,269.0,7.85,23.02,1013.13,68.54,10.15
"Thu, 2026-05-21 02:00:33",5,29.76,2.47,19.84,,7.69,23.08,1013.13,67.79,10.51
"Thu, 2026-05-21 02:01:37",5,32.0,,29.29,284.0,7.68,22.83,1013.09,67.02,3.78
"Thu, 2026-05-21 02:02:37",4,29.88,1.58,10.03,243.0,7.88,23.44,1013.05,67.82,5.29
"Thu, 2026-05-21 02:03:40",5,32.0,0.16,13.11,287.0,8.09,22.98,1013.07,67.57,11.38
"Thu, 2026-05-21 02:04:36",5,32.0,2.29,18.14,236.0,7.87,23.09,1013.11,68.29,13.49
"Thu, 2026-05-21 02:05:41",5,32.0,2.9,12.77,280.0,7.94,22.91,1013.21,68.03,10.25
"Thu, 2026-05-21 02:06:36",4,32.56,0.0,17.92,196.0,7.65,22.98,1013.0,66.86,5.95
"Thu, 2026-05-21 02:07:40",5,32.0,37.39,12.18,292.0,7.73,22.9,1013.17,67.82,12.28
"Thu, 2026-05-21 02:08:35",4,31.04,6.06,13.64,279.0,7.91,22.99,1013.09,66.55,14.85
"Thu, 2026-05-21 02:09:39",5,32.0,0.0,16.75,263.0,7.56,23.11,1013.12,65.95,9.82
"Thu, 2026-05-21 02:10:38",5,31.93,0.0,13.83,303.0,7.84,23.0,1013.08,68.55,4.91
"Thu, 2026-05-21 02:11:34",4,30.13,3.85,19.73,259.0,7.89,22.95,1013.16,68.63,7.23
"Thu, 2026-05-21 02:12:36",5,32.0,2.11,29.88,278.0,7.79,22.99,1013.09,68.14,14.28
"Thu, 2026-05-21 02:13:36",5,32.0,2.33,27.18,,7.86,22.9,1013.03,67.12,2.27
"Thu, 2026-05-21 02:14:40",5,32.0,4.94,6.43,288.0,7.81,23.837536985120185,1013.1,67.03,0.92
"Thu, 2026-05-21 02:16:36",4,32.14,0.0,15.85,284.0,7.69,23.15,1013.14,67.35,
"Thu, 2026-05-21 02:17:39",4,30.39,0.32,1.15,305.0,7.59,23.2,1013.07,67.96,1.28
"Thu, 2026-05-21 02:18:42",5,32.0,56.55,22.29,264.0,7.78,22.8,1012.95,67.62,2.58
"Thu, 2026-05-21 02:19:45",4,31.4,0.83,14.14,290.0,8.04,23.08,1013.07,69.1,1.62
"Thu, 2026-05-21 02:20:42",5,32.0,5.9,35.52,252.0,7.99,23.12,1013.08,67.22,
"Thu, 2026-05-21 02:22:53",4,31.94,0.0,24.34,294.0,7.74,22.87,1013.07,68.35,
"Thu, 2026-05-21 02:24:45",4,33.51,0.0,25.39,285.0,7.73,22.97,1013.04,66.58,2.17
"Thu, 2026-05-21 02:28:25",5,32.0,0.0,30.15,301.0,7.72,22.96,1013.15,68.4,1.6
"Thu, 2026-05-21 02:29:23",4,32.28,6.08,14.28,210.0,7.72,23.26,1012.93,68.32,1.84
"Thu, 2026-05-21 02:30:18",5,31.63,0.0,14.36,,7.85,23.23,1013.08,67.02,1.37
"Thu, 2026-05-21 02:31:23",4,27.38,0.48,35.53,258.0,7.99,22.92,1013.08,67.63,0.31
"Thu, 2026-05-21 02:32:24",5,30.32,0.0,15.72,264.0,8.21,22.86,1013.2,68.95,1.08
"Thu, 2026-05-21 02:33:28",5,32.0,1.09,6.76,303.0,7.65,23.13,1013.07,67.98,0.0
"Thu, 2026-05-21 02:34:29",5,32.0,4.48,30.59,,7.92,23.11,1013.1,65.69,0.67
"Thu, 2026-05-21 02:38:07",5,29.13,2.21,17.12,332.0,7.9,23.19,1013.08,65.55,1.5
"Thu, 2026-05-21 02:40:02",5,32.0,1.55,29.52,271.0,7.74,22.92,1013.08,,
"Thu, 2026-05-21 02:41:00",5,32.0,0.0,12.04,279.0,7.62,23.14,1013.18,65.42,
"Thu, 2026-05-21 02:41:57",4,30.0,0.62,15.97,306.0,7.85,22.96,1013.01,66.18,0.4
"Thu, 2026-05-21 02:42:58",5,32.0,2.32,29.24,280.0,6.59,23.13,1013.03,64.45,1.24
"Thu, 2026-05-21 02:45:04",4,31.47,0.0,3.03,321.0,7.85,23.05,1013.12,69.81,3.02
"Thu, 2026-05-21 02:45:59",5,32.0,3.84,,226.0,7.66,23.29,1013.09,65.12,1.34
"Thu, 2026-05-21 02:46:57",4,28.17,4.53,7.77,250.0,7.77,23.12,1013.05,63.46,1.9
"Thu, 2026-05-21 02:47:58",5,27.61,0.0,2.23,285.0,7.6,23.03,1013.07,65.08,1.0
"Thu, 2026-05-21 02:48:57",5,27.32,3.35,27.21,302.0,7.8,23.09,1013.13,65.11,0.47
"Thu, 2026-05-21 02:50:25",5,32.0,1.55,11.31,295.0,7.92,23.06,1013.1,,0.09
"Thu, 2026-05-21 02:51:29",5,32.0,5.32,31.46,292.0,7.68,23.71,1013.03,65.85,0.85
"Thu, 2026-05-21 02:53:00",4,34.52,7.98,23.53,293.0,7.21,23.31,1013.09,65.21,2.58
"Thu, 2026-05-21 02:53:58",4,32.05,0.0,21.97,185.0,7.85,23.27,1013.07,64.23,1.16
"Thu, 2026-05-21 02:55:01",5,31.06,4.04,11.64,222.0,7.71,23.06,1013.1,70.0,1.37
"Thu, 2026-05-21 02:56:21",5,,5.79,12.08,420.0,7.67,23.17,1013.05,65.12,2.14
"Thu, 2026-05-21 02:58:14",4,35.05,0.0,18.66,247.0,7.66,23.33,1013.0,64.95,2.14
"Thu, 2026-05-21 02:59:15",5,32.0,0.15,23.02,283.0,7.87,23.24,1013.11,66.41,1.68
"Thu, 2026-05-21 03:00:15",5,32.0,0.12,19.37,280.0,7.73,23.06,1013.1,64.9,1.14
"Thu, 2026-05-21 03:01:18",4,33.34,1.48,13.98,,7.97,23.09,1013.16,67.06,2.76
"Thu, 2026-05-21 03:02:15",5,32.0,0.81,8.77,248.0,7.99,22.89,1012.99,65.3,1.28
"Thu, 2026-05-21 03:06:06",4,33.06,1.28,23.9,241.0,8.11,23.19,1013.07,57.98,1.11
"Thu, 2026-05-21 03:07:08",4,28.07,4.39,17.99,244.0,8.06,23.25,1013.06,66.16,2.63
"Thu, 2026-05-21 03:08:13",5,32.0,0.0,21.55,286.0,7.77,23.26,1013.05,65.13,2.69
"Thu, 2026-05-21 03:09:13",4,34.68,0.0,15.79,306.0,8.43,23.19,1012.98,63.93,2.77
"Thu, 2026-05-21 03:10:08",5,32.0,3.89,12.23,,8.22,23.43,1013.01,66.16,1.21
"Thu, 2026-05-21 03:11:10",5,32.0,3.54,14.74,295.0,8.0,23.0,1013.09,65.48,2.6
"Thu, 2026-05-21 03:13:09",5,32.0,0.0,40.33,310.0,7.74,23.16,1013.04,65.51,0.53
"Thu, 2026-05-21 03:14:12",5,32.0,50.38,19.44,315.0,8.05,23.05,1013.02,65.77,2.34
"Thu, 2026-05-21 03:15:08",5,32.0,5.86,9.01,282.0,7.98,23.19,1013.16,64.86,2.84
"Thu, 2026-05-21 03:17:50",5,32.0,1.73,19.12,312.0,8.08,23.03,1013.21,65.59,1.33
"Thu, 2026-05-21 03:19:39",5,32.0,0.0,32.72,420.0,7.7,23.19,1013.07,65.01,0.53
"Thu, 2026-05-21 03:20:44",5,32.0,,34.27,276.0,8.0,23.29,1012.98,66.27,2.77
"Thu, 2026-05-21 03:21:42",5,32.0,7.05,34.6,314.0,8.01,23.18,1013.1,65.64,1.17
"Thu, 2026-05-21 03:22:39",4,30.44,0.0,0.61,275.0,8.05,23.18,1012.95,65.68,3.14
"Thu, 2026-05-21 03:23:38",5,32.0,2.0,39.55,311.0,8.04,23.25,1012.85,64.16,2.58
"Thu, 2026-05-21 03:26:04",5,32.0,5.15,32.69,326.0,8.1,23.36,1012.78,65.81,2.26
"Thu, 2026-05-21 03:26:59",5,32.0,2.22,15.75,304.0,8.36,23.13,1012.86,65.28,0.92
"Thu, 2026-05-21 03:28:13",5,31.57,0.0,32.14,331.0,7.99,23.21,1012.92,64.52,2.48
"Thu, 2026-05-21 03:29:08",5,32.0,3.21,28.65,328.0,7.92,23.33,1012.81,65.44,2.48
"Thu, 2026-05-21 03:30:11",4,32.31,0.0,30.89,335.0,7.78,23.23,1012.84,65.12,1.2
"Thu, 2026-05-21 03:31:36",5,32.0,0.0,38.5,318.0,7.99,22.92,1012.79,65.75,0.0
"Thu, 2026-05-21 03:32:38",5,32.0,0.0,32.6,336.0,7.83,23.07,1012.79,66.24,2.28
"Thu, 2026-05-21 03:33:37",4,32.8,5.45,16.65,330.0,8.26,23.25,1012.78,,0.58
"Thu, 2026-05-21 03:34:36",4,31.59,0.0,18.65,252.0,8.07,23.12,1012.87,65.06,0.53
"Thu, 2026-05-21 03:35:31",4,34.41,2.88,12.42,288.0,8.26,23.34,1012.74,65.41,0.0
"Thu, 2026-05-21 03:36:27",5,32.0,,35.48,303.0,8.35,23.39,1012.8,64.19,0.84
"Thu, 2026-05-21 03:37:26",5,32.0,2.36,40.92,306.0,7.93,23.1,1012.83,,1.38
"Thu, 2026-05-21 03:38:22",5,30.65,2.56,8.6,317.0,8.02,23.05,1012.86,65.76,0.36
"Thu, 2026-05-21 03:40:12",4,31.92,3.02,21.09,288.0,8.33,24.14,1012.83,65.92,1.27
"Thu, 2026-05-21 03:41:10",5,32.0,2.29,17.16,359.0,8.12,23.13,1012.79,65.68,2.86
"Thu, 2026-05-21 03:43:12",5,32.0,0.0,28.69,306.0,8.18,23.37,1012.76,64.86,1.88
"Thu, 2026-05-21 03:44:07",5,32.0,0.0,33.6,,8.27,23.06,1012.84,65.69,1.56
"Thu, 2026-05-21 03:45:10",4,33.73,1.56,21.76,280.0,8.25,23.28,1012.73,66.44,0.59
"Thu, 2026-05-21 03:46:07",4,29.76,1.5,29.1,286.0,8.16,23.36,1012.72,64.83,
"Thu, 2026-05-21 03:47:20",5,32.0,3.17,41.37,305.0,8.34,23.29,1012.85,65.9,1.7
"Thu, 2026-05-21 03:48:18",5,32.0,5.18,42.27,309.0,8.07,23.25,1012.79,63.97,2.49
"Thu, 2026-05-21 03:49:16",4,30.58,0.0,17.41,312.0,8.18,,1012.78,65.48,2.66
"Thu, 2026-05-21 03:50:17",5,31.13,0.0,44.97,350.0,8.05,23.43,1012.79,65.86,1.77
"Thu, 2026-05-21 03:51:13",4,32.15,0.0,42.96,303.0,8.27,23.18,1012.75,64.84,51.24
"Thu, 2026-05-21 03:52:14",4,31.57,0.0,48.36,305.0,7.96,23.32,1012.66,65.31,2.24
"Thu, 2026-05-21 03:53:15",5,30.88,0.0,31.13,329.0,7.78,23.19,1012.76,64.19,2.82
"Thu, 2026-05-21 03:54:17",5,31.76,0.0,17.51,420.0,8.2,22.99,1012.73,65.02,2.82
"Thu, 2026-05-21 03:55:20",5,30.54,2.39,16.16,322.0,7.9,23.19,1012.68,65.79,2.62
"Thu, 2026-05-21 03:56:19",5,32.0,2.13,25.42,276.0,7.89,23.2,1012.66,65.3,0.34
"Thu, 2026-05-21 03:57:24",5,27.38,6.76,33.55,277.0,6.48,23.21,1012.72,66.14,2.59
"Thu, 2026-05-21 03:58:21",4,31.24,3.14,35.38,326.0,8.26,23.15,1012.63,66.94,0.0
"Thu, 2026-05-21 03:59:24",5,27.75,6.97,39.32,304.0,8.02,23.3,1012.7,65.36,0.29
"Thu, 2026-05-21 04:00:45",5,32.0,4.02,26.8,281.0,7.54,22.68609395804911,1012.69,66.04,1.78
"Thu, 2026-05-21 04:01:40",5,27.96,4.53,27.39,286.0,8.18,23.2,1012.69,65.18,0.49
"Thu, 2026-05-21 04:02:43",5,32.0,0.8,29.26,305.0,8.97,23.2,1012.72,65.37,1.03
"Thu, 2026-05-21 04:03:38",5,32.0,0.0,24.85,274.0,8.18,23.11,1012.73,65.45,0.0
"Thu, 2026-05-21 04:05:23",4,29.81,0.53,38.65,288.0,6.85,23.27,1012.64,65.09,0.04
"Thu, 2026-05-21 04:06:28",4,27.0,1.23,38.75,314.0,8.05,23.41,1012.73,67.3,0.73
"Thu, 2026-05-21 04:07:28",5,32.0,0.0,38.79,299.0,8.01,23.41,1012.66,64.98,1.84
"Thu, 2026-05-21 04:08:24",5,30.81,0.0,34.13,287.0,7.89,23.18,1012.78,64.89,0.92
"Thu, 2026-05-21 04:09:19",4,31.71,2.84,35.03,279.0,7.96,23.49,1012.63,64.63,1.83
"Thu, 2026-05-21 04:10:19",4,,,,404.0,8.14,23.21,1012.57,64.48,1.95
"Thu, 2026-05-21 04:11:24",5,32.0,0.0,28.93,296.0,8.15,23.14,1012.71,66.27,0.0
"Thu, 2026-05-21 04:12:29",4,33.21,0.0,40.37,364.0,8.23,23.1,1012.68,64.37,2.63
"Thu, 2026-05-21 04:13:34",4,35.14,1.14,37.96,97.0,7.83,23.14,1012.72,66.66,0.1
"Thu, 2026-05-21 04:14:33",5,32.0,0.0,26.09,266.0,7.79,23.31,1012.66,66.32,1.99
"Thu, 2026-05-21 04:15:30",5,26.42,0.36,35.55,317.0,8.02,23.24,1012.78,65.3,2.83
"Thu, 2026-05-21 04:16:32",5,31.63,3.62,33.36,281.0,7.9,23.2,1012.62,65.69,2.3
"Thu, 2026-05-21 04:17:31",5,31.38,3.51,44.41,,8.12,23.17,1012.69,64.53,1.33
"Thu, 2026-05-21 04:18:33",4,31.07,0.0,22.8,253.0,7.85,23.15,1012.59,67.08,
"Thu, 2026-05-21 04:19:28",5,32.0,0.0,48.79,350.0,8.3,23.17,1012.65,65.31,0.5
"Thu, 2026-05-21 04:20:24",4,31.57,0.15,39.5,92.0,7.94,23.41,1012.65,65.63,2.61
"Thu, 2026-05-21 04:21:29",4,30.84,3.84,27.98,295.0,8.37,24.07,1012.66,64.21,0.2
"Thu, 2026-05-21 04:22:26",5,32.0,4.55,23.02,283.0,8.18,22.5,1012.65,66.4,1.63
"Thu, 2026-05-21 04:23:24",5,32.0,2.94,73.38,318.0,7.9,23.37,1012.4,65.03,1.28
"Thu, 2026-05-21 04:24:22",5,32.0,5.48,18.22,307.0,8.46,23.24,1012.59,64.79,2.4
"Thu, 2026-05-21 04:25:25",4,31.74,7.07,42.32,316.0,8.13,23.22,1012.55,64.49,2.52
"Thu, 2026-05-21 04:27:31",5,32.0,0.43,54.23,,8.12,23.39,1012.56,65.41,0.47
"Thu, 2026-05-21 04:28:31",5,32.0,6.34,23.52,282.0,8.07,23.27,1012.56,65.48,0.8
"Thu, 2026-05-21 04:30:00",5,32.0,1.1,26.14,373.0,8.17,23.36,1012.63,65.65,2.23
"Thu, 2026-05-21 04:31:05",5,32.0,4.94,42.71,314.0,8.21,23.54,1012.58,65.53,2.75
"Thu, 2026-05-21 04:32:03",5,60.658504247065515,4.0,32.85,286.0,8.27,23.34,1012.53,65.77,0.2
"Thu, 2026-05-21 04:33:00",5,64.44,3.85,31.7,272.0,8.44,22.79,1042.69,68.2,0.21
"Thu, 2026-05-21 04:34:03",5,32.0,0.0,35.78,316.0,8.35,23.18,1012.78,66.63,1.3
"Thu, 2026-05-21 04:40:01",5,29.58,0.0,30.86,315.0,8.27,23.37,1012.92,65.09,1.14
"Thu, 2026-05-21 04:40:59",5,32.0,0.0,30.62,,8.15,23.36,1012.75,66.2,0.08
"Thu, 2026-05-21 04:42:45",5,30.94,4.36,12.49,420.0,8.14,23.21,1012.77,65.02,1.71
"Thu, 2026-05-21 04:44:11",4,30.33,8.08,24.85,334.0,8.03,23.42,1012.8,64.12,44.47
"Thu, 2026-05-21 04:45:08",4,31.24,1.1,44.28,274.0,8.35,23.51,1012.69,64.96,2.68
"Thu, 2026-05-21 04:46:28",5,32.0,4.44,46.46,353.0,8.13,23.6,1012.68,65.57,0.44
"Thu, 2026-05-21 04:47:26",5,32.0,6.33,52.42,349.0,8.21,23.39,1012.76,66.08,1.82
"Thu, 2026-05-21 04:51:19",5,32.0,2.5,40.92,320.0,8.31,23.11,1011.95,64.69,1.0
"Thu, 2026-05-21 04:53:28",4,34.84,1.8,12.99,294.0,8.15,23.4,1012.8,64.86,1.72
"Thu, 2026-05-21 04:54:33",5,32.0,1.14,137.24676574537037,302.0,8.36,23.43,1012.73,65.62,
"Thu, 2026-05-21 04:55:30",5,21.92,1.98,50.5,292.0,,23.32,1012.81,48.71571048256878,0.87
"Thu, 2026-05-21 04:56:25",5,32.0,4.5,56.88,295.0,8.3,23.38,1012.66,65.03,1.66
"Thu, 2026-05-21 04:57:26",4,33.08,,0.53,245.0,8.52,23.29,1012.78,65.4,1.53
"Thu, 2026-05-21 04:58:25",5,32.0,3.16,35.08,339.0,8.41,23.34,1012.81,65.57,1.99
"Thu, 2026-05-21 04:59:24",4,33.43,1.72,26.13,322.0,8.21,23.48,1012.81,66.1,0.18
"Thu, 2026-05-21 05:00:23",5,32.0,0.0,41.98,420.0,8.29,23.53,1012.78,65.68,0.0
"Thu, 2026-05-21 05:01:21",4,30.28,4.57,,320.0,8.6,23.21,1012.75,65.55,0.54
"Thu, 2026-05-21 05:02:21",4,31.53,0.0,55.07,316.0,8.26,23.3,1012.78,64.53,4.3
"Thu, 2026-05-21 05:03:25",4,32.75,0.02,57.1,329.0,8.44,23.46,1065.59,64.1,4.18
"Thu, 2026-05-21 05:04:21",5,32.0,4.15,38.83,313.0,8.44,23.59,1012.75,65.53,10.61
"Thu, 2026-05-21 05:05:24",5,30.12,0.0,40.41,257.0,8.35,23.48,1012.85,64.6,8.52
"Thu, 2026-05-21 05:06:29",5,32.0,0.05,35.66,300.0,8.25,23.14,1012.86,65.2,13.84
"Thu, 2026-05-21 05:07:27",5,32.0,8.24,29.39,303.0,8.18,23.37,1012.68,65.6,14.11
"Thu, 2026-05-21 05:08:31",5,32.0,1.64,59.16,303.0,8.31,23.35,1012.78,65.34,6.22
"Thu, 2026-05-21 05:09:29",5,32.0,0.0,28.95,267.0,8.43,23.29,1012.73,,4.92
"Thu, 2026-05-21 05:10:34",5,31.65,4.23,60.02,312.0,8.55,23.51,1012.7,65.0,3.68
"Thu, 2026-05-21 05:11:35",5,32.0,0.0,28.36,327.0,8.05,23.51,1012.84,64.96,12.83
"Thu, 2026-05-21 05:12:47",5,31.99,0.0,36.25,311.0,8.63,23.43,1012.82,65.72,10.49
"Thu, 2026-05-21 05:13:43",5,32.0,3.44,48.88,295.0,8.26,23.32,1012.8,66.94,14.11
"Thu, 2026-05-21 05:14:45",5,32.0,0.0,42.26,368.0,8.48,23.32,1012.72,65.46,11.27
"Thu, 2026-05-21 05:15:44",4,33.23,2.84,23.39,305.0,8.18,23.41,1012.8,63.95,12.7
"Thu, 2026-05-21 05:17:30",5,32.0,0.0,26.1,320.0,8.03,23.35,1012.71,65.29,5.62
"Thu, 2026-05-21 05:18:34",4,29.96,3.95,18.88,317.0,8.60631812982782,23.41,1012.79,65.64,3.39
"Thu, 2026-05-21 05:19:35",4,32.33,2.43,29.94,439.0,8.26,23.48,1012.75,64.59,12.73
"Thu, 2026-05-21 05:20:39",5,32.0,0.0,24.16,311.0,8.41,23.23,1012.85,66.13,8.7
"Thu, 2026-05-21 05:21:43",5,32.0,3.02,48.92,316.0,8.32,23.32,1012.77,66.22,13.83
"Thu, 2026-05-21 05:22:40",5,,0.39,22.45,314.0,8.27,23.41,1012.8,65.71,5.65
"Thu, 2026-05-21 05:23:37",4,35.01,6.13,25.31,288.0,8.52,23.61,1012.8,65.31,9.46
"Thu, 2026-05-21 05:28:04",5,32.0,3.06,24.88,279.0,8.32,23.53,1012.78,66.27,10.88
"Thu, 2026-05-21 05:29:05",5,32.0,4.15,39.12,294.0,,23.43,1012.79,,4.44
"Thu, 2026-05-21 05:30:03",5,32.0,0.0,11.71,325.0,8.88,23.48,1012.81,65.42,11.59
"Thu, 2026-05-21 05:31:06",5,32.0,0.0,24.25,307.0,8.31,23.42,1012.73,65.24,13.48
"Thu, 2026-05-21 05:32:03",4,34.5,1.8,23.28,312.0,8.19,23.56,1012.81,63.56,9.72
"Thu, 2026-05-21 05:33:03",5,32.0,0.8,16.33,336.0,8.4,23.49,1012.84,66.15,9.15
"Thu, 2026-05-21 05:34:05",5,32.0,5.89,28.28,252.0,8.45,23.59,1012.81,65.79,10.88
"Thu, 2026-05-21 05:35:05",5,32.0,1.42,29.76,269.0,8.37,23.28,1012.77,63.96,12.23
"Thu, 2026-05-21 05:36:07",5,29.94,0.0,14.81,239.0,8.34,23.35,1012.8,65.99,12.4
"Thu, 2026-05-21 05:37:07",5,,0.0,28.29,332.0,8.58,23.48,1012.77,65.2,8.67
"Thu, 2026-05-21 05:38:10",5,32.0,4.77,44.89,299.0,8.56,23.51,1012.78,65.98,0.9
"Thu, 2026-05-21 05:39:14",5,30.32,1.12,26.99,326.0,8.29,24.32,1012.72,65.43,1.56
"Thu, 2026-05-21 05:40:14",4,29.14,0.74,9.97,292.0,8.2,23.24,1012.87,65.38,2.42
"Thu, 2026-05-21 05:41:10",4,31.78,5.06,17.66,337.0,8.39,23.46,1012.9,65.69,1.0
"Thu, 2026-05-21 05:42:05",5,32.0,0.0,25.57,298.0,8.2,23.45,1012.75,64.85,2.08
"Thu, 2026-05-21 05:43:01",5,32.0,0.0,23.08,312.0,8.47,23.49,1012.84,59.55,0.97
"Thu, 2026-05-21 05:44:00",5,32.0,0.0,26.12,308.0,8.39,23.68,1012.88,65.9,1.83
"Thu, 2026-05-21 05:45:42",5,32.0,2.6,28.45,310.0,8.8,23.58,1012.73,65.62,2.41
"Thu, 2026-05-21 05:46:47",5,32.0,1.13,43.36,,8.58,23.28,1012.66,66.28,2.37
"Thu, 2026-05-21 05:48:27",5,32.0,0.0,24.14,208.0,8.12,23.66,1012.88,65.15,1.41
"Thu, 2026-05-21 05:49:34",5,0.0,0.13,13.62,300.0,8.22,23.66,1012.79,64.81,1.27
"Thu, 2026-05-21 05:53:41",5,32.0,2.37,40.8,,7.97,23.51,1011.95,65.77,1.92
"Thu, 2026-05-21 05:54:36",5,32.0,3.05,39.29,303.0,7.93,24.57,1012.79,64.88,1.15
"Thu, 2026-05-21 05:57:31",5,32.0,3.14,24.42,292.0,8.34,,1012.77,65.2,1.91
"Thu, 2026-05-21 06:03:09",5,32.0,0.0,27.81,288.0,8.1,23.55,1012.97,65.7,2.77
"Thu, 2026-05-21 06:04:12",5,32.0,2.79,128.0,340.0,8.61,23.61,1012.76,65.31,0.46
"Thu, 2026-05-21 06:05:23",5,32.0,4.6,21.14,300.0,8.52,23.28,1012.81,65.09,2.12
"Thu, 2026-05-21 06:06:28",5,,,5.77,363.0,8.27,23.41,1012.87,64.54,
"Thu, 2026-05-21 06:07:29",4,32.75,4.04,30.64,311.0,8.26,23.63,1012.87,66.87,2.43
"Thu, 2026-05-21 06:08:29",5,32.0,3.42,38.32,295.0,8.58,23.68,1012.85,65.16,0.0
"Thu, 2026-05-21 06:09:25",5,32.0,0.0,40.46,316.0,8.62,23.56,,65.76,1.61
"Thu, 2026-05-21 06:10:27",4,24.41,0.68,19.75,313.0,8.15,23.65,1012.78,66.02,0.98
"Thu, 2026-05-21 06:12:19",5,32.0,0.0,28.92,336.0,8.12,23.57,1012.66,66.04,1.2
"Thu, 2026-05-21 06:13:21",5,29.53,5.35,25.46,273.0,8.26,23.63,1012.78,65.24,2.13
"Thu, 2026-05-21 06:14:21",5,32.0,5.27,32.49,257.0,8.39,23.54,1012.79,65.18,1.53
"Thu, 2026-05-21 06:17:00",5,32.0,0.0,30.37,311.0,8.22,23.58,1012.83,64.72,1.16
"Thu, 2026-05-21 06:18:03",4,30.94,,25.44,324.0,8.4,23.38,1012.9,63.68,2.79
"Thu, 2026-05-21 06:19:02",4,32.42,2.62,30.03,316.0,8.67,23.61,1012.83,65.68,0.04
"Thu, 2026-05-21 06:19:59",5,32.0,4.58,37.73,319.0,8.06,23.38,1012.85,64.89,0.81
"Thu, 2026-05-21 06:21:38",5,32.0,0.0,39.54,315.0,8.24,23.62,1012.79,65.57,1.96
"Thu, 2026-05-21 06:22:41",5,32.0,0.0,24.22,265.0,8.07,23.48,1013.05,,2.2
"Thu, 2026-05-21 06:24:29",5,29.68,1.64,34.34,309.0,8.16,23.58,1013.03,65.12,0.58
"Thu, 2026-05-21 06:25:59",5,32.0,0.0,22.48,335.0,8.26,23.43,1013.0,,1.17
"Thu, 2026-05-21 06:27:00",4,29.08,1.86,19.91,302.0,8.18,23.48,1012.89,65.12,2.28
"Thu, 2026-05-21 06:28:45",5,30.98,3.5,8.24,270.0,8.41,23.59,1013.05,64.53,2.13
"Thu, 2026-05-21 06:29:41",4,,5.5,,290.0,8.34,23.64,1013.0,65.98,2.5
"Thu, 2026-05-21 06:34:30",5,30.45,0.0,35.79,316.0,8.37,23.03419223525856,1013.02,65.44,0.3
"Thu, 2026-05-21 06:35:29",4,31.33,2.36,24.72,,,23.42,1013.0,65.08,56.1
"Thu, 2026-05-21 06:36:24",5,32.0,3.83,29.91,254.0,8.83,23.38,,65.05,1.27
"Thu, 2026-05-21 06:37:22",5,32.0,0.0,34.62,312.0,8.25,23.44,1013.06,64.67,0.19
"Thu, 2026-05-21 06:38:17",5,30.86,4.45,38.26,279.0,8.27,23.43,1012.95,65.99,1.27
"Thu, 2026-05-21 06:39:13",4,32.21,2.7,20.35,311.0,8.39,23.75,1013.01,66.51,0.0
"Thu, 2026-05-21 06:40:11",4,27.69,0.0,20.76,312.0,7.97,23.73,1012.93,64.12,1.13
"Thu, 2026-05-21 06:42:03",5,27.16,1.58,26.19,297.0,8.37,23.45,1013.02,66.01,2.79
"Thu, 2026-05-21 06:43:42",5,27.77,0.83,44.14,318.0,8.16,23.78,1013.0,65.24,2.76
"Thu, 2026-05-21 06:44:45",4,31.53,4.22,12.64,331.0,8.25,23.73,1012.94,66.97,0.59
"Thu, 2026-05-21 06:45:50",5,32.0,0.8,33.36,299.0,,23.38,1012.99,64.28,0.04
"Thu, 2026-05-21 06:46:48",5,29.91,2.25,43.43,269.0,8.25,23.46,1012.95,65.52,2.92
"Thu, 2026-05-21 06:47:52",5,30.35,0.0,5.65,338.0,8.37,23.39,1012.96,65.14,1.99
"Thu, 2026-05-21 06:48:49",4,27.08,0.0,31.88,301.0,8.4,23.58,1013.0,66.61,1.16
"Thu, 2026-05-21 06:49:45",5,32.0,2.39,38.13,317.0,8.1,23.59,1013.0,65.42,2.27
"Thu, 2026-05-21 06:50:45",4,32.17,0.0,28.75,292.0,8.39,23.59,1012.87,65.38,0.85
"Thu, 2026-05-21 06:51:43",4,28.51,4.0,21.92,349.0,8.52,23.35,1013.0,65.32,1.1
"Thu, 2026-05-21 06:52:45",5,,,,354.0,9.5,23.43,1012.96,66.32,2.89
"Thu, 2026-05-21 06:53:44",5,30.02,0.0,23.21,300.0,8.15,21.802494964412734,1012.96,65.28,1.3
"Thu, 2026-05-21 06:54:43",5,32.0,2.52,27.61,305.0,8.36,23.68,1012.91,65.9,2.09
"Thu, 2026-05-21 06:55:38",5,32.0,0.0,21.16,276.0,8.49,23.36,1012.98,65.76,2.52
"Thu, 2026-05-21 06:56:36",4,28.88,0.0,26.42,298.0,8.21,23.46,1012.95,,1.57
"Thu, 2026-05-21 06:57:38",4,26.21,0.0,38.4,280.0,8.8,23.73,1013.06,63.54,2.11
"Thu, 2026-05-21 06:58:37",5,29.97,1.42,16.54,306.0,8.37,23.47,1012.88,65.81,0.85
"Thu, 2026-05-21 06:59:34",5,32.0,3.44,17.04,295.0,8.09,23.62,1012.92,65.59,2.58
"Thu, 2026-05-21 07:00:37",5,32.0,2.33,42.25,312.0,8.55,23.46,1012.92,62.18,0.5
"Thu, 2026-05-21 07:01:40",4,33.36,4.6,26.91,297.0,8.09,23.72,1013.0,63.83,0.97
"Thu, 2026-05-21 07:02:37",4,26.97,0.0,21.0,329.0,8.37,23.38,1013.05,62.29,1.73
"Thu, 2026-05-21 07:03:38",4,30.03,0.75,26.74,,8.15,,1013.01,62.4,2.66
"Thu, 2026-05-21 07:04:41",5,32.0,6.81,26.53,308.0,8.07,23.74,1012.92,63.57,2.29
"Thu, 2026-05-21 07:05:39",5,30.89,0.0,24.56,262.0,8.49,23.71,1012.95,63.49,2.04
"Thu, 2026-05-21 07:06:35",5,32.0,0.52,34.92,307.0,8.27,23.58,1012.93,,55.04
"Thu, 2026-05-21 07:08:31",5,32.0,0.0,17.06,296.0,8.63,23.56,1013.01,64.26,1.63
"Thu, 2026-05-21 07:09:36",4,32.43,1.29,29.27,,8.13,23.61,1012.95,67.33,2.48
"Thu, 2026-05-21 07:10:37",5,29.7,0.23,9.69,262.0,8.04,23.49,1012.9,64.86,0.31
"Thu, 2026-05-21 07:11:40",4,31.1,3.68,39.54,336.0,8.23,23.64,1013.02,66.27,0.52
"Thu, 2026-05-21 07:12:43",5,27.87,2.02,27.26,296.0,8.84,23.64,1013.06,65.99,1.28
"Thu, 2026-05-21 07:14:51",5,32.0,0.0,32.13,309.0,8.47,23.6,1012.97,64.8,2.86
"Thu, 2026-05-21 07:15:56",5,31.94,0.1,31.21,420.0,8.42,23.78,1012.99,66.92,0.73
"Thu, 2026-05-21 07:17:01",4,8.84,0.0,29.47,273.0,8.42,23.53,1012.89,63.91,1.06
"Thu, 2026-05-21 07:18:02",5,31.51,4.02,25.87,294.0,8.23,23.46,1012.86,67.16,0.52
"Thu, 2026-05-21 07:18:58",5,31.14,9.05,31.1,338.0,8.81,23.6,1012.87,67.59,0.24
"Thu, 2026-05-21 07:20:03",4,29.66,3.53,12.77,309.0,8.4,23.68,1012.98,66.25,1.72
"Thu, 2026-05-21 07:20:59",4,31.78,0.0,17.24,316.0,8.38,23.66,1012.96,67.24,0.42
"Thu, 2026-05-21 07:22:03",5,32.0,1.6,29.36,281.0,8.49,23.65,1013.01,67.45,2.54
"Thu, 2026-05-21 07:22:59",4,26.97,2.13,20.5,287.0,8.09,23.54,1012.97,68.45,2.54
"Thu, 2026-05-21 07:24:04",4,31.58,0.32,33.43,284.0,8.16,23.56,1013.04,67.58,2.0
"Thu, 2026-05-21 07:25:01",4,31.62,3.29,30.35,285.0,8.27,23.62,1013.03,70.14,1.36
"Thu, 2026-05-21 07:26:10",4,31.8,0.0,15.77,314.0,8.49,23.62,1012.96,68.61,2.81
"Thu, 2026-05-21 07:27:13",5,26.68,2.74,22.8,347.0,8.08,23.82,1012.92,68.17,1.44
"Thu, 2026-05-21 07:28:13",5,27.46,0.0,32.94,287.0,8.3,23.72,1012.87,68.51,0.64
"Thu, 2026-05-21 07:29:08",4,30.02,1.14,19.31,322.0,8.28,23.63,1013.07,69.46,1.27
"Thu, 2026-05-21 07:30:13",5,24.53,5.16,27.68,262.0,8.03,23.83,1012.92,69.74,0.83
"Thu, 2026-05-21 07:36:07",4,33.26,,,291.0,8.22,23.75,1012.89,70.03,1.74
"Thu, 2026-05-21 07:37:04",4,31.79,2.7,11.33,348.0,8.41,23.54,1012.99,71.03,0.5
"Thu, 2026-05-21 07:38:20",4,32.4,4.25,3.54,273.0,8.05,23.31,1012.89,71.24,49.11
"Thu, 2026-05-21 07:39:19",5,,1.24,29.66,325.0,8.57,22.97,1012.99,70.0,1.69
"Thu, 2026-05-21 07:41:20",5,25.64,0.0,33.88,340.0,8.4,23.26,1012.96,70.0,0.57
"Thu, 2026-05-21 07:42:19",5,32.0,5.93,26.62,287.0,8.38,23.27,1013.04,70.0,1.18
"Thu, 2026-05-21 07:45:21",4,30.86,1.24,41.15,305.0,8.32,23.37,1013.03,71.43,2.32
"Thu, 2026-05-21 07:46:18",4,28.86,0.0,27.27,307.0,8.12,23.33,1013.05,69.82,1.3
"Thu, 2026-05-21 07:47:17",4,30.71,0.95,44.65,313.0,8.2,23.39,1012.99,69.05,0.0
"Thu, 2026-05-21 07:48:16",5,30.34,0.48,44.51,420.0,8.38,23.3,1012.93,70.0,1.93
"Thu, 2026-05-21 07:49:16",4,31.28,0.0,32.67,249.0,8.2,23.3,1012.92,,1.27
"Thu, 2026-05-21 07:50:12",5,32.0,2.37,15.19,319.0,8.35,23.22,,70.0,0.2
"Thu, 2026-05-21 07:51:12",5,30.81,0.0,,317.0,8.15,23.37,1013.1,70.0,1.64
"Thu, 2026-05-21 07:52:10",5,29.6,3.53,38.31,271.0,8.4,23.12,1012.97,70.0,
"Thu, 2026-05-21 07:53:10",5,32.0,3.43,33.03,280.0,8.41,23.28,1012.99,,0.29
"Thu, 2026-05-21 07:54:10",4,31.83,6.76,33.78,,8.02,23.37,1013.07,70.7,2.31
"Thu, 2026-05-21 07:55:19",5,32.0,1.24,19.2,297.0,8.33,23.48,1013.0,70.0,1.61
"Thu, 2026-05-21 07:56:20",4,29.55,0.0,49.72,,8.04,23.27,1012.94,69.88,0.0
"Thu, 2026-05-21 07:57:53",5,32.0,0.0,23.36,312.0,7.98,23.45,1013.02,70.0,3.05
"Thu, 2026-05-21 07:58:51",5,32.0,8.46,3.97,306.0,8.21,23.32,1012.95,70.0,1.35
"Thu, 2026-05-21 07:59:52",5,32.0,8.46,3.97,306.0,8.21,23.32,1012.95,70.0,1.35
"Thu, 2026-05-21 08:00:48",5,32.0,0.0,0.61,312.0,8.46,23.27,1013.01,70.0,0.5
"Thu, 2026-05-21 08:01:46",4,,6.7,20.58,327.0,8.57,23.47,1012.95,69.28,1.43
"Thu, 2026-05-21 08:03:00",4,30.39,5.95,50.12,308.0,8.43,23.38,1012.99,69.0,2.12
"Thu, 2026-05-21 08:04:20",5,30.47,0.0,20.57,294.0,8.35,23.26,1013.08,70.0,2.45
"Thu, 2026-05-21 08:05:21",5,32.0,0.0,9.61,336.0,8.48,23.39,1012.94,70.0,2.61
"Thu, 2026-05-21 08:06:23",5,31.31,1.38,35.81,321.0,8.2,23.58,1013.06,70.0,1.76
"Thu, 2026-05-21 08:07:28",5,26.78,0.0,17.79,314.0,8.4,23.31,1012.95,70.0,2.48
"Thu, 2026-05-21 08:08:24",5,26.14,0.71,37.52,307.0,8.53,23.27,1013.09,70.0,17.56
"Thu, 2026-05-21 08:09:24",4,27.35,3.11,15.04,350.0,8.44,23.5,1012.93,70.22,15.65
"Thu, 2026-05-21 08:10:23",4,32.99,0.0,32.78,279.0,8.54,23.27,1012.96,70.44,29.13
"Thu, 2026-05-21 08:11:24",5,27.99,2.16,10.53,311.0,8.35,23.67,1013.07,,17.37
"Thu, 2026-05-21 08:13:08",4,30.34,5.38,50.47,346.0,8.62,23.67,1013.07,,13.74
"Thu, 2026-05-21 08:14:05",5,32.0,3.08,30.19,310.0,8.28,23.62,1013.03,70.0,25.78
"Thu, 2026-05-21 08:15:08",4,29.41,1.62,26.51,296.0,8.7,23.51,1012.92,69.94,45.5
"Thu, 2026-05-21 08:16:05",4,31.66,0.0,21.95,417.0,8.42,23.72,1012.99,69.22,14.83
"Thu, 2026-05-21 08:17:03",5,32.0,4.37,26.43,317.0,8.25,23.69,1012.98,,16.07
"Thu, 2026-05-21 08:18:01",5,22.54,0.0,21.07,300.0,8.1,23.48,1012.93,70.0,33.4
"Thu, 2026-05-21 08:19:00",5,30.89,2.44,17.38,338.0,8.17,23.73,1013.02,70.0,31.23
"Thu, 2026-05-21 08:19:59",5,32.0,1.95,47.09,283.0,8.14,23.46,1012.93,70.0,18.63
"Thu, 2026-05-21 08:20:57",4,31.49,5.25,20.71,284.0,8.3,23.55,1012.9,69.36,42.13
"Thu, 2026-05-21 08:21:52",5,32.0,0.13,4.2,290.0,8.09,23.37,1012.88,70.0,33.78
"Thu, 2026-05-21 08:22:50",4,27.2,0.0,18.28,351.0,8.55,23.62,1013.08,70.12,28.53
"Thu, 2026-05-21 08:27:54",5,30.8,0.0,29.12,300.0,8.34,23.57,1012.95,70.0,30.9
"Thu, 2026-05-21 08:29:02",4,24.52,2.37,27.01,294.0,8.33,23.57,1013.52,69.76,36.58
"Thu, 2026-05-21 08:30:02",5,32.0,0.61,23.8,253.0,8.11,23.61,1012.92,70.0,15.36
"Thu, 2026-05-21 08:30:57",4,32.4,,36.79,278.0,8.18,23.57,1013.06,69.69,42.78
"Thu, 2026-05-21 08:32:00",5,32.0,0.0,25.35,318.0,7.92,23.66,1012.9,70.0,20.75
"Thu, 2026-05-21 08:33:36",5,32.0,3.49,32.1,207.0,8.61,23.82,1012.91,70.0,23.78
"Thu, 2026-05-21 08:34:40",5,32.0,0.0,23.41,289.0,8.06,23.55,1012.96,70.0,21.49
"Thu, 2026-05-21 08:35:42",4,31.38,0.0,33.82,273.0,8.07,23.79,1012.98,69.77,35.61
"Thu, 2026-05-21 08:36:45",5,32.0,4.57,24.63,352.0,8.57,23.72,1013.02,70.0,42.77
"Thu, 2026-05-21 08:38:22",4,33.72,1.38,24.13,403.0,8.39,23.75,1012.94,69.88,37.82
"Thu, 2026-05-21 08:40:53",4,33.72,4.56,34.69,344.0,8.34,23.72,1013.07,68.43,21.1
"Thu, 2026-05-21 08:41:48",4,33.72,4.56,34.69,344.0,8.34,23.72,1013.07,68.43,21.1
"Thu, 2026-05-21 08:42:44",4,33.72,1.87,28.45,405.0,8.49,23.75,1012.92,68.93,44.37
"Thu, 2026-05-21 08:43:46",5,33.72,2.35,21.12,361.0,8.33,23.76,1012.91,70.0,21.78
"Thu, 2026-05-21 08:44:49",4,30.92,6.04,40.3,299.0,8.04,23.6,1012.93,70.07,20.05
"Thu, 2026-05-21 08:45:49",5,32.0,5.8,31.57,284.0,8.45,23.53,1012.91,70.0,31.98
"Thu, 2026-05-21 08:46:53",5,32.0,5.34,26.45,351.0,8.39,23.71,1013.03,70.0,39.35
"Thu, 2026-05-21 08:47:58",5,32.0,0.0,24.27,282.0,8.53,23.79,1012.92,70.0,17.16
"Thu, 2026-05-21 08:48:57",5,32.0,0.0,39.14,280.0,8.09,23.82,1012.97,70.0,10.27
"Thu, 2026-05-21 08:49:57",5,32.0,4.16,23.69,281.0,8.18,23.84,1012.92,70.0,32.37
"Thu, 2026-05-21 08:50:54",4,31.99,6.01,28.07,293.0,8.39,24.36,1012.91,69.9,38.4
"Thu, 2026-05-21 08:51:49",5,32.0,5.37,32.48,,8.15,23.66,1013.05,70.0,27.16
"Thu, 2026-05-21 08:52:53",4,32.48,1.92,31.22,254.0,7.89,23.69,1013.08,69.58,
"Thu, 2026-05-21 08:54:57",4,32.81,4.06,128.0,276.0,8.35,23.55,1013.06,70.98,37.41
"Thu, 2026-05-21 08:55:56",4,31.17,4.11,35.46,276.0,8.48,23.61,1012.89,70.65,13.05
"Thu, 2026-05-21 08:56:51",5,32.0,2.32,41.98,332.0,8.29,23.69,1012.9,70.0,23.57
"Thu, 2026-05-21 08:57:50",5,30.9,2.29,29.59,306.0,8.41,23.66,1013.1,70.0,6.0
"Thu, 2026-05-21 08:58:45",5,32.0,2.17,128.0,320.0,8.39,23.71,1012.97,70.0,10.75
"Thu, 2026-05-21 08:59:41",5,29.51,2.22,132.43,292.0,8.13,24.6,1005.69,70.19,11.24
"Thu, 2026-05-21 09:00:42",5,27.51,2.4,136.16,305.0,7.37,25.22,1100.63,71.39,11.21
"Thu, 2026-05-21 09:02:14",5,32.0,0.0,,331.0,8.56,23.79,1012.98,70.0,3.84
"Thu, 2026-05-21 09:03:16",4,30.53,0.0,36.15,309.0,8.14,23.59,1013.01,69.64,15.12
"Thu, 2026-05-21 09:04:21",5,32.0,2.31,35.02,298.0,8.45,23.61,1012.85,70.0,8.6
"Thu, 2026-05-21 09:08:44",5,32.0,1.76,32.87,264.0,8.1,23.71,1012.96,70.0,11.69
"Thu, 2026-05-21 09:09:48",5,31.31,4.06,45.42,319.0,8.17,23.58,1013.04,70.0,2.06
"Thu, 2026-05-21 09:10:49",4,30.68,5.66,26.07,265.0,8.53,23.83,1012.94,70.77,3.66
"Thu, 2026-05-21 09:12:05",5,32.0,5.85,29.71,316.0,8.1,23.54,1013.05,70.0,2.18
"Thu, 2026-05-21 09:13:03",4,30.7,5.69,20.8,296.0,8.27,23.7,1012.9,71.76,7.45
"Thu, 2026-05-21 09:14:25",4,33.64,0.0,23.68,301.0,8.74,23.61,1012.97,70.24,14.8
"Thu, 2026-05-21 09:15:23",4,28.71,0.0,7.48,306.0,8.5,23.71,1013.08,,12.42
"Thu, 2026-05-21 09:16:24",5,32.0,4.67,38.81,311.0,8.18,23.64,1012.91,70.0,14.89
"Thu, 2026-05-21 09:17:22",4,31.18,5.91,18.49,347.0,8.21,23.69,1013.0,70.15,10.93
"Thu, 2026-05-21 09:19:06",5,32.0,6.55,33.54,310.0,8.29,23.84,1013.02,70.0,4.74
"Thu, 2026-05-21 09:20:06",4,31.52,3.22,15.81,287.0,8.55,23.61,1012.99,70.72,12.25
"Thu, 2026-05-21 09:21:06",5,29.51,0.0,37.37,253.0,9.5,23.61,1012.97,70.0,12.02
"Thu, 2026-05-21 09:22:05",4,34.4,2.97,17.34,296.0,8.12,23.66,1012.93,71.43,12.4
"Thu, 2026-05-21 09:23:18",5,32.0,3.54,16.12,304.0,8.44,23.87,1012.99,70.0,9.34
"Thu, 2026-05-21 09:24:40",5,30.02,5.34,27.07,295.0,8.01,23.68,1012.97,70.0,3.84
"Thu, 2026-05-21 09:25:37",5,32.0,6.17,21.16,275.0,8.15,23.84,1012.89,70.0,10.48
"Thu, 2026-05-21 09:26:35",4,29.31,4.05,22.63,230.0,8.3,23.67,1013.05,70.2,11.36
"Thu, 2026-05-21 09:27:37",5,31.66,0.06,31.86,18.0,8.31,23.84,1012.93,70.0,10.0
"Thu, 2026-05-21 09:28:39",5,32.0,0.0,39.16,231.0,8.07,23.74,1012.9,70.0,3.68
"Thu, 2026-05-21 09:31:12",5,,3.48,21.25,295.0,6.77,23.76,1012.94,70.0,7.69
"Thu, 2026-05-21 09:32:10",4,34.22,0.0,14.75,338.0,8.42,23.52,1012.93,71.11,13.37
"Thu, 2026-05-21 09:33:14",5,32.0,6.3,23.63,284.0,8.2,23.5,1013.66,70.0,
"Thu, 2026-05-21 09:35:18",4,33.07,0.0,34.12,299.0,8.61,23.82,1012.91,68.55,9.86
"Thu, 2026-05-21 09:36:13",4,24.65,2.8,46.47,,8.38,23.82,1013.01,69.57,5.33
"Thu, 2026-05-21 09:38:00",5,32.0,2.84,16.56,285.0,8.13,24.19,1013.06,,33.5
"Thu, 2026-05-21 09:39:05",5,32.0,1.26,19.54,339.0,8.61,23.52,1012.99,70.0,7.49
"Thu, 2026-05-21 09:40:07",5,32.0,0.0,45.25,259.0,8.22,23.75,1012.89,70.0,4.43
"Thu, 2026-05-21 09:41:06",5,32.0,0.0,48.33,256.0,8.35,23.57,1012.93,70.0,7.65
"Thu, 2026-05-21 09:42:07",4,30.07,0.15,17.85,279.0,8.23,23.61,1012.99,69.17,12.57
"Thu, 2026-05-21 09:43:11",5,32.0,0.34,16.38,324.0,8.43,25.22,1012.86,70.0,8.89
"Thu, 2026-05-21 09:44:12",5,32.0,5.21,31.28,266.0,8.23,23.74,1012.91,70.0,6.76
"Thu, 2026-05-21 09:45:07",4,30.91,,23.52,303.0,8.24,23.62,1012.88,70.81,10.32
"Thu, 2026-05-21 09:46:03",5,31.27,3.13,21.27,307.0,8.29,23.7,1012.99,70.0,7.99
"Thu, 2026-05-21 09:47:01",5,12.14,0.0,27.52,300.0,8.23,23.79,1013.11,70.0,7.12
"Thu, 2026-05-21 09:48:04",5,32.0,3.32,0.0,306.0,8.51,23.83,1012.91,70.0,11.52
"Thu, 2026-05-21 09:49:09",4,31.68,0.0,12.17,307.0,8.09,23.78,1013.03,71.08,7.68
"Thu, 2026-05-21 09:50:46",5,32.0,8.16,47.48,288.0,8.31,23.75,1012.95,70.0,11.34
"Thu, 2026-05-21 09:51:42",5,32.0,1.45,24.24,269.0,8.33,23.68,1012.9,70.0,3.58
"Thu, 2026-05-21 09:52:46",5,32.0,0.0,28.95,284.0,8.29,23.63,1013.07,70.0,6.99
"Thu, 2026-05-21 09:53:46",5,32.0,0.0,39.66,272.0,8.49,23.76,1013.11,70.0,6.77
"Thu, 2026-05-21 09:54:46",5,32.0,0.0,31.32,343.0,8.05,23.57,1013.01,70.0,12.83
"Thu, 2026-05-21 09:55:45",5,32.0,0.0,22.8,267.0,8.42,23.71,1013.0,70.0,4.25
"Thu, 2026-05-21 09:56:42",5,32.0,0.78,33.21,292.0,8.09,23.57,1012.98,70.0,49.18
"Thu, 2026-05-21 09:57:39",5,32.0,0.0,22.12,243.0,8.22,23.69,1012.97,70.0,12.13
"Thu, 2026-05-21 09:58:37",5,32.0,0.0,29.42,284.0,8.07,23.57,1013.0,70.0,9.0
"Thu, 2026-05-21 09:59:36",5,32.0,0.0,25.65,273.0,8.26,23.65,1013.02,70.0,7.16
"Thu, 2026-05-21 10:00:41",4,33.39,4.34,35.2,283.0,8.21,23.61,1013.08,71.22,5.02
"Thu, 2026-05-21 10:01:44",5,32.0,5.48,20.97,298.0,8.61,23.6,1012.95,70.0,6.19
"Thu, 2026-05-21 10:02:41",4,31.8,1.11,,158.0,,23.68,1012.99,69.08,13.55
"Thu, 2026-05-21 10:03:46",4,31.45,1.83,9.77,322.0,8.4,23.4,1012.98,69.99,3.39
"Thu, 2026-05-21 10:05:50",5,32.0,0.0,22.04,279.0,8.12,23.48,1013.04,70.0,8.38
"Thu, 2026-05-21 10:06:53",5,32.0,2.09,13.22,257.0,8.45,23.79,1013.12,70.0,5.87
"Thu, 2026-05-21 10:07:58",5,32.0,2.57,19.23,260.0,8.61,23.71,1013.04,70.0,11.15
"Thu, 2026-05-21 10:12:48",5,32.0,1.22,20.22,288.0,8.47,23.61,1013.03,70.0,5.86
"Thu, 2026-05-21 10:13:43",5,32.0,3.07,42.99,284.0,8.08,23.81,1013.04,70.0,6.61
"Thu, 2026-05-21 10:14:39",5,32.0,2.8,11.49,287.0,8.23,23.62,1013.06,70.0,80.76
"Thu, 2026-05-21 10:15:41",5,32.0,0.0,11.3,267.0,8.34,23.63,1013.13,70.0,47.79
"Thu, 2026-05-21 10:16:44",4,33.21,5.46,27.88,334.0,8.21,23.6,1012.88,70.23,64.84
"Thu, 2026-05-21 10:17:48",5,32.0,1.26,45.49,243.0,8.77,23.92,1013.02,70.0,71.63
"Thu, 2026-05-21 10:18:52",4,35.32,6.9,23.15,271.0,8.23,23.72,1012.83,71.68,80.67
"Thu, 2026-05-21 10:19:51",4,33.05,3.14,27.43,244.0,8.31,23.72,1013.04,70.2,81.02
"Thu, 2026-05-21 10:21:45",4,29.44,7.79,36.39,276.0,8.21,23.75,1013.01,69.93,50.68
"Thu, 2026-05-21 10:22:53",5,32.0,5.4,36.22,311.0,8.36,23.47,1012.95,70.0,77.65
"Thu, 2026-05-21 10:23:48",5,32.0,2.56,32.7,273.0,8.56,23.62,1012.82,70.0,78.4
"Thu, 2026-05-21 10:24:44",5,32.0,0.0,25.81,283.0,8.34,23.75,1012.98,70.0,44.33
"Thu, 2026-05-21 10:25:48",5,32.0,0.0,32.55,297.0,8.28,23.69,1012.99,70.0,67.44
"Thu, 2026-05-21 10:26:43",5,32.0,3.48,11.31,272.0,8.12,23.96,1012.98,70.0,190.45931530134138
"Thu, 2026-05-21 10:27:40",4,8.18,0.0,25.47,284.0,8.53,23.63,1012.94,70.08,58.51
"Thu, 2026-05-21 10:28:38",5,32.0,0.11,41.03,287.0,8.29,23.81,1012.93,70.0,62.48
"Thu, 2026-05-21 10:29:35",5,32.0,4.38,42.73,252.0,8.28,23.79,1012.98,70.0,48.06
"Thu, 2026-05-21 10:31:26",5,32.0,1.99,29.86,420.0,7.89,23.71,1012.93,70.0,40.624235718135054
"Thu, 2026-05-21 10:32:29",4,31.07,4.4,8.37,315.0,8.29,23.73,1013.03,,64.72
"Thu, 2026-05-21 10:33:26",4,30.95,0.0,12.74,307.0,9.4753656255793,23.66,1012.98,70.35,67.04
"Thu, 2026-05-21 10:34:31",5,32.0,4.88,21.58,312.0,7.99,23.46,1012.88,70.0,73.08
"Thu, 2026-05-21 10:35:28",4,30.9,3.38,28.06,352.0,8.49,23.74,1012.99,70.12,50.77
"Thu, 2026-05-21 10:36:26",5,32.0,5.47,13.44,292.0,8.22,23.75,1013.01,70.0,64.68
"Thu, 2026-05-21 10:37:21",5,32.0,4.81,23.29,270.0,8.66,23.77,1013.08,70.0,53.75
"Thu, 2026-05-21 10:38:24",4,32.65,1.62,46.05,288.0,8.57,23.7,1013.04,69.47,57.18
"Thu, 2026-05-21 10:39:29",4,31.05,1.38,28.83,260.0,8.19,23.81,1012.93,70.76,64.14
"Thu, 2026-05-21 10:41:21",5,32.0,7.23,25.11,270.0,8.56,23.59,1013.07,72.95642521625503,67.25
"Thu, 2026-05-21 10:42:18",5,32.0,1.01,18.17,,8.61,23.87,1012.9,70.0,59.83
"Thu, 2026-05-21 10:43:18",5,32.0,4.12,10.67,291.0,8.22,23.58,1012.98,70.0,42.94
"Thu, 2026-05-21 10:44:14",4,33.82,0.73,14.61,229.0,,23.68,1013.03,69.5,62.43
"Thu, 2026-05-21 10:45:12",4,,0.0,,290.0,7.93,23.78,1013.07,68.57,42.71
"Thu, 2026-05-21 10:46:10",5,32.0,,29.94,234.0,8.38,23.63,1013.09,70.0,
"Thu, 2026-05-21 10:47:54",5,32.0,3.1,30.71,275.0,8.14,23.78,1013.06,70.0,53.65
"Thu, 2026-05-21 10:53:14",4,31.59,3.98,,310.0,8.39,23.65,1012.97,70.07,51.74
"Thu, 2026-05-21 10:54:09",5,32.0,3.11,26.92,295.0,8.21,23.71,1013.02,70.0,71.97
"Thu, 2026-05-21 10:55:12",5,32.0,5.32,43.86,271.0,8.18,23.67,1011.8960573191373,70.0,87.66
"Thu, 2026-05-21 10:56:10",5,32.0,3.05,47.34,329.0,8.21,23.63,1012.94,70.0,53.86
"Thu, 2026-05-21 10:57:06",5,32.0,0.0,33.3,269.0,8.08,23.96,1012.97,70.0,78.15
"Thu, 2026-05-21 10:58:09",5,32.0,3.66,23.27,,8.21,23.59,1013.09,70.0,43.98
"Thu, 2026-05-21 11:00:08",4,31.15,2.39,36.57,292.0,8.18,23.42,1013.02,70.02,56.66
"Thu, 2026-05-21 11:01:03",4,34.6,0.15,40.12,224.0,8.31,23.6,1013.1,69.98,57.14
"Thu, 2026-05-21 11:02:06",5,32.0,3.3,9.54,259.0,8.33,23.71,1012.92,70.0,47.24
"Thu, 2026-05-21 11:03:01",5,32.0,2.12,44.78,296.0,8.12,23.65,1012.96,70.0,81.36
"Thu, 2026-05-21 11:06:27",5,32.0,0.06,20.88,269.0,8.51,25.0,1013.01,70.0,46.18
"Thu, 2026-05-21 11:07:24",5,32.0,1.34,24.8,,8.29,23.81,1013.03,70.0,76.79
"Thu, 2026-05-21 11:08:23",4,30.86,6.12,24.31,253.0,8.59,23.66,1012.97,72.01,68.72
"Thu, 2026-05-21 11:09:23",4,31.31,6.02,31.44,311.0,8.36,23.49,1013.03,68.99,75.63
"Thu, 2026-05-21 11:10:21",4,33.29,2.44,9.65,,8.33,23.54,1013.03,70.07,53.36
"Thu, 2026-05-21 11:11:25",4,31.34,2.05,21.56,316.0,8.23,23.69,1012.9,71.01,57.07
"Thu, 2026-05-21 11:12:21",5,32.0,51.85,31.32,268.0,8.43,23.51,1013.03,70.0,76.03
"Thu, 2026-05-21 11:14:11",5,32.0,7.04,,319.0,8.32,23.65,1013.05,70.0,62.34
"Thu, 2026-05-21 11:15:12",5,32.0,4.99,31.56,223.0,8.47,23.87,1013.0,70.0,1.2
"Thu, 2026-05-21 11:16:13",5,32.0,4.13,24.61,202.0,8.6,23.74,1012.87,70.0,67.12620467443931
"Thu, 2026-05-21 11:17:15",5,32.0,0.0,34.91,248.0,8.19,23.7,1012.96,70.0,2.82
"Thu, 2026-05-21 11:18:10",4,33.21,2.0,35.83,286.0,8.43,23.57,1013.01,69.46,0.0
"Thu, 2026-05-21 11:19:05",5,32.0,1.5,39.34,266.0,8.42,23.72,1012.93,70.0,1.03
"Thu, 2026-05-21 11:20:07",4,31.61,3.93,37.08,302.0,8.4,23.66,1013.04,70.48,0.84
"Thu, 2026-05-21 11:21:58",5,32.0,0.52,35.6,267.0,8.24,23.72,1013.02,70.0,0.9
"Thu, 2026-05-21 11:23:02",5,32.0,1.18,34.02,226.0,8.24,23.78,1012.99,70.0,2.75
"Thu, 2026-05-21 11:24:06",4,30.52,3.74,52.08,263.0,8.21,23.8,1012.98,70.56,2.6
"Thu, 2026-05-21 11:25:15",4,30.73,0.0,39.68,227.0,8.21,23.71,1012.99,71.11,18.11213385968148
"Thu, 2026-05-21 11:26:15",4,,0.16,24.8,209.0,8.16,23.76,1012.98,70.31,2.72
"Thu, 2026-05-21 11:27:16",5,32.0,2.46,13.03,251.0,8.3,23.63,1012.9,70.0,2.41
"Thu, 2026-05-21 11:28:20",4,32.91,5.89,20.46,221.0,8.18,23.83,1012.95,71.25,1.17
"Thu, 2026-05-21 11:29:20",4,30.66,4.3,27.13,260.0,8.39,23.59,1012.99,70.48,1.19
"Thu, 2026-05-21 11:33:02",4,30.87,5.1,36.37,227.0,8.33,23.67,1013.07,69.47,0.54
"Thu, 2026-05-21 11:34:17",5,32.0,2.07,25.12,233.0,8.35,23.84,1013.02,70.0,0.59
"Thu, 2026-05-21 11:35:15",5,32.0,6.36,40.05,229.0,8.27,23.64,1013.07,70.0,3.01
"Thu, 2026-05-21 11:36:51",5,32.0,0.0,10.29,294.0,8.33,23.53,1012.9,70.0,2.42
"Thu, 2026-05-21 11:37:56",5,32.0,7.94,9.86,231.0,8.27,23.65,1012.96,70.0,1.67
"Thu, 2026-05-21 11:38:58",4,31.69,8.33,21.68,270.0,8.46,23.86,1013.11,70.29,0.0
"Thu, 2026-05-21 11:39:53",5,32.0,3.25,14.34,221.0,8.24,23.42,1012.94,,2.37
"Thu, 2026-05-21 11:40:52",4,30.74,4.37,15.57,286.0,8.38,23.71,1012.93,70.28,2.92
"Thu, 2026-05-21 11:41:51",4,31.91,1.76,22.56,232.0,8.08,23.62,1012.96,70.77,2.88
"Thu, 2026-05-21 11:42:49",5,32.0,1.25,25.56,277.0,8.44,23.67,1013.1,70.0,1.94
"Thu, 2026-05-21 11:43:53",4,30.36,0.05,27.11,286.0,8.22,23.65,1012.94,69.79,1.69
"Thu, 2026-05-21 11:44:52",4,32.99,1.73,17.03,247.0,8.15,23.81,1013.01,69.85,0.49
"Thu, 2026-05-21 11:46:11",5,32.0,3.55,21.61,233.0,8.11,23.7,1013.0,,0.47
"Thu, 2026-05-21 11:47:12",5,32.0,3.14,26.46,287.0,8.1,23.82,1012.86,70.0,0.65
"Thu, 2026-05-21 11:48:17",4,35.5,7.84,36.16,216.0,9.41,23.85,1012.98,71.05,1.84
"Thu, 2026-05-21 11:49:21",4,33.19,2.18,43.06,165.0,8.59,23.7,1012.95,70.17,3.03
"Thu, 2026-05-21 11:50:22",5,32.0,0.0,110.48,200.0,8.2,23.65,,70.0,2.53
"Thu, 2026-05-21 11:51:17",4,30.57,0.0,30.11,188.0,8.73,23.74,1013.09,69.05,0.57
"Thu, 2026-05-21 11:52:13",4,31.74,0.0,27.33,245.0,8.38,23.76,1012.71,69.81,0.78
"Thu, 2026-05-21 11:53:18",5,32.0,0.2,36.34,302.0,8.12,23.56,1012.96,70.0,0.77
"Thu, 2026-05-21 11:54:14",5,32.0,2.69,14.46,196.0,8.46,23.72,1013.13,70.0,1.48
"Thu, 2026-05-21 11:55:09",5,32.0,3.13,33.21,,8.24,23.66,1012.94,70.0,2.42
"Thu, 2026-05-21 11:56:13",5,32.0,0.0,34.32,231.0,8.27,23.64,1012.9,70.0,2.35
"Thu, 2026-05-21 11:57:11",4,,0.0,31.15,279.0,8.53,23.61,1013.06,72.3271456642233,2.59
"Thu, 2026-05-21 11:58:08",5,,0.0,26.91,244.0,8.911972963426132,23.62,1012.98,70.0,1.73
"Thu, 2026-05-21 11:59:13",5,32.0,3.74,15.34,315.0,,23.85,1013.0,70.0,1.79
"Thu, 2026-05-21 12:00:13",4,32.29,5.43,39.35,260.0,8.12,23.65,1013.11,70.32,3.17
"Thu, 2026-05-21 12:01:09",5,32.0,0.0,28.1,259.0,7.99,23.83,1012.9,70.0,2.25
"Thu, 2026-05-21 12:02:06",4,30.8,4.86,14.3,253.0,8.78,23.71,1012.97,69.84,0.71
"Thu, 2026-05-21 12:03:09",5,32.0,4.67,40.18,240.0,8.16,23.56,1012.91,70.0,0.82
"Thu, 2026-05-21 12:04:39",5,32.0,0.0,36.12,274.0,8.53,23.72,1013.0,70.0,9.25
"Thu, 2026-05-21 12:05:42",5,,0.0,31.4,221.0,8.22,23.55,1012.95,70.0,5.1
"Thu, 2026-05-21 12:06:45",5,32.0,0.0,26.41,200.0,8.12,23.77,1012.91,70.0,7.82
"Thu, 2026-05-21 12:07:43",5,32.0,0.09,33.97,246.0,8.32,23.67,1013.02,70.0,4.14
"Thu, 2026-05-21 12:09:23",4,35.8,6.5,44.72,257.0,8.26,23.8,1012.98,66.41761788357081,11.29
"Thu, 2026-05-21 12:14:09",5,32.0,1.52,19.51,236.0,8.46,23.87,1012.91,70.0,8.14
"Thu, 2026-05-21 12:15:06",5,32.0,0.0,17.68,255.0,8.46,23.49,1012.91,70.0,12.01
"Thu, 2026-05-21 12:16:06",4,35.0,2.32,28.7,214.0,8.21,23.64,1012.99,70.3,4.9
"Thu, 2026-05-21 12:17:05",5,32.0,0.0,28.92,277.0,8.06,23.55,1012.88,70.0,14.65
"Thu, 2026-05-21 12:18:02",4,33.95,3.42,32.69,252.0,8.1,23.95,1012.99,70.33,8.31
"Thu, 2026-05-21 12:19:06",5,32.0,0.0,39.39,251.0,7.9,24.39,1013.06,70.0,14.29
"Thu, 2026-05-21 12:20:11",5,32.0,,34.96,254.0,8.27,23.54,1013.02,70.0,11.69
"Thu, 2026-05-21 12:21:14",5,32.0,3.0,40.19,215.0,8.31,23.96,1012.94,70.0,4.57
"Thu, 2026-05-21 12:22:17",5,32.0,7.13,38.17,216.0,,23.61,1013.0,70.0,12.0
"Thu, 2026-05-21 12:24:22",4,31.43,8.47,34.12,278.0,8.09,23.5,1012.91,,10.53
"Thu, 2026-05-21 12:25:24",5,31.17,0.0,30.57,263.0,8.31,23.56,1012.99,70.0,4.1
"Thu, 2026-05-21 12:26:28",4,32.82,0.09,20.72,251.0,8.2,23.71,1012.96,70.4,
"Thu, 2026-05-21 12:27:29",4,31.03,3.42,19.49,235.0,8.28,23.7,1012.92,71.22,14.04
"Thu, 2026-05-21 12:29:32",5,32.0,5.38,17.25,269.0,8.25,23.59,1013.02,70.0,15.35
"Thu, 2026-05-21 12:30:34",5,32.0,0.0,29.05,286.0,8.36,,1012.86,70.0,10.52
"Thu, 2026-05-21 12:31:39",4,32.22,2.14,76.78,233.0,8.7,23.7,1012.91,69.56,4.46
"Thu, 2026-05-21 12:36:29",4,31.1,0.42,16.31,263.0,8.23,23.85,1012.92,68.88,6.17
"Thu, 2026-05-21 12:37:26",4,30.83,0.0,35.5,249.0,7.98,23.73,1012.95,70.07,6.24
"Thu, 2026-05-21 12:38:28",4,30.59,0.0,24.33,254.0,8.31,23.63,1013.06,70.1,5.09
"Thu, 2026-05-21 12:39:27",4,33.33,0.17,22.83,239.0,8.33,23.67,1013.03,,6.98
"Thu, 2026-05-21 12:40:32",5,32.0,2.05,27.97,293.0,8.28,23.79,1012.99,70.0,14.81
"Thu, 2026-05-21 12:41:34",4,31.72,4.9,21.0,290.0,8.66,23.9,1012.98,69.97,5.15
"Thu, 2026-05-21 12:42:34",4,32.64,2.94,0.0,277.0,8.35,23.56,1012.98,68.76,6.37
"Thu, 2026-05-21 12:43:29",5,32.0,4.72,36.21,239.0,8.29,23.83,1013.06,70.0,15.05
"Thu, 2026-05-21 12:44:24",5,32.0,1.96,43.33,228.0,8.41,23.66,1012.87,70.0,7.59
"Thu, 2026-05-21 12:45:27",4,32.33,0.0,32.73,276.0,8.7,23.5,1013.03,70.44,4.6
"Thu, 2026-05-21 12:46:28",4,30.64,,31.42,286.0,8.36,23.48,1012.95,70.54,9.88
"Thu, 2026-05-21 12:47:25",4,31.69,3.96,49.8,285.0,7.92,23.85,1013.01,69.97,2.08
"Thu, 2026-05-21 12:48:27",5,32.0,4.98,9.21,189.0,8.39,23.87,1013.01,,7.74
"Thu, 2026-05-21 12:49:32",4,28.48,1.43,41.53,298.0,8.16,23.63,1013.02,70.1,2.46
"Thu, 2026-05-21 12:50:32",4,30.62,0.0,50.76,284.0,7.97,23.67,1013.08,69.75,8.94
"Thu, 2026-05-21 12:51:28",5,32.0,2.88,39.77,273.0,8.62,23.48,1013.75,70.0,11.27
"Thu, 2026-05-21 12:52:26",4,32.57,3.31,27.87,202.0,8.58,23.79,1013.04,68.65,
"Thu, 2026-05-21 12:54:07",4,29.64,4.95,39.26,242.0,8.15,23.69,1012.98,72.24,8.44
"Thu, 2026-05-21 12:55:09",4,29.45,0.0,29.07,273.0,8.15,22.5,1012.95,70.62,14.2
"Thu, 2026-05-21 12:56:06",5,32.0,0.0,22.03,,8.34,23.72,1013.1,70.0,7.54
"Thu, 2026-05-21 12:57:03",5,32.0,4.15,26.4,178.0,8.16,23.53,1013.02,70.0,14.5
"Thu, 2026-05-21 12:58:33",5,32.0,0.66,29.2,259.0,9.5,23.76,1012.96,70.0,13.11
"Thu, 2026-05-21 12:59:34",5,32.0,0.53,19.8,249.0,8.19,23.56,1013.04,70.0,4.84
"Thu, 2026-05-21 13:00:36",4,31.14,5.64,40.8,282.0,8.24,23.74,1012.98,68.72,8.54
"Thu, 2026-05-21 13:02:10",5,32.0,0.0,25.09,246.0,8.06,23.62,1012.95,70.0,12.1
"Thu, 2026-05-21 13:03:09",5,32.0,8.05,34.9,248.0,8.46,23.41,1012.94,70.0,10.82
"Thu, 2026-05-21 13:04:09",5,32.0,0.04,0.0,268.0,8.53,23.81,1013.0,70.0,11.13
"Thu, 2026-05-21 13:05:12",5,32.0,,,276.0,8.3,24.15,1012.94,70.0,6.86
"Thu, 2026-05-21 13:06:08",5,32.0,1.55,16.98,232.0,8.31,24.17,1012.99,70.0,15.78
"Thu, 2026-05-21 13:07:13",4,31.78,2.69,16.25,264.0,8.43,24.17,1013.03,70.78,6.62
"Thu, 2026-05-21 13:08:18",5,32.0,1.09,26.65,237.0,8.32,24.32,1012.99,70.0,10.19
"Thu, 2026-05-21 13:09:23",4,31.86,4.45,38.08,238.0,8.63,24.17,1013.1,70.06,13.82
"Thu, 2026-05-21 13:10:19",5,32.0,0.84,37.77,267.0,8.08,24.07,1012.98,70.0,7.25
"Thu, 2026-05-21 13:12:19",4,30.78,0.16,34.5,267.0,8.47,24.17,1013.06,71.53,9.04
"Thu, 2026-05-21 13:13:18",4,29.72,7.32,27.02,254.0,8.3,24.06,1013.04,70.13,12.56
"Thu, 2026-05-21 13:15:00",5,32.0,1.97,30.17,223.0,8.11,23.99,1013.07,70.0,16.07
"Thu, 2026-05-21 13:15:56",5,32.0,0.0,42.71,203.0,8.72,24.26,1013.1,70.0,6.97
"Thu, 2026-05-21 13:18:49",5,32.0,0.0,29.78,246.0,8.75,24.18,1012.88,,11.62
"Thu, 2026-05-21 13:19:48",4,31.0,7.47,43.53,279.0,8.28,23.89,1013.0,70.41,4.13
"Thu, 2026-05-21 13:21:53",5,32.0,150.0,46.44,261.0,8.4,24.03,1012.99,70.0,3.53
"Thu, 2026-05-21 13:22:57",5,32.0,8.06,24.99,256.0,8.23,24.21,1012.95,70.0,3.53
"Thu, 2026-05-21 13:23:59",5,32.0,3.07,26.97,250.0,8.26,23.93,1013.03,70.0,10.2
"Thu, 2026-05-21 13:25:18",5,32.0,24.06082713290279,25.52,258.0,8.11,24.02,1013.08,70.0,9.82
"Thu, 2026-05-21 13:26:15",5,32.0,2.39,18.23,225.0,8.09,24.43,1012.99,70.0,4.43
"Thu, 2026-05-21 13:27:10",4,34.83,8.53,24.14,276.0,8.65,24.08,1013.4,68.8,5.99
"Thu, 2026-05-21 13:31:14",5,32.0,0.0,43.32,295.0,8.31,24.25,1012.98,70.0,7.17
"Thu, 2026-05-21 13:32:18",5,32.0,2.52,23.07,241.0,8.32,24.3,1012.96,70.0,14.19
"Thu, 2026-05-21 13:33:19",5,29.59,0.72,4.35,289.0,8.17,24.01,1013.01,70.0,5.17
"Thu, 2026-05-21 13:35:25",5,32.0,1.24,31.49,281.0,8.35,24.15,1013.04,70.0,8.3
"Thu, 2026-05-21 13:36:28",5,32.0,2.33,55.53,316.0,8.05,24.36,1013.1,70.0,10.8
"Thu, 2026-05-21 13:37:30",5,32.0,1.08,25.79,279.0,8.18,24.17,1012.95,70.0,15.19
"Thu, 2026-05-21 13:38:34",5,32.0,2.44,30.74,306.0,8.1,24.4,1013.02,70.0,10.32
"Thu, 2026-05-21 13:39:30",5,32.0,1.81,,304.0,8.55,24.04,1013.09,70.0,5.67
"Thu, 2026-05-21 13:40:28",5,32.0,0.0,22.89,227.0,8.02,24.33,1012.95,70.0,4.14
"Thu, 2026-05-21 13:41:32",5,32.0,3.02,43.4,278.0,8.1,24.12,1013.1,70.0,4.41
"Thu, 2026-05-21 13:42:37",5,32.0,4.03,38.92,289.0,7.95,24.08,1013.68,70.0,11.55
"Thu, 2026-05-21 13:43:38",4,31.52,0.25,94.96,290.0,8.16,24.19,1013.07,69.42,7.0
"Thu, 2026-05-21 13:44:37",5,32.0,7.48,21.61,288.0,8.23,24.1,1013.01,70.0,7.51
"Thu, 2026-05-21 13:45:38",5,32.0,,42.61,271.0,8.49,24.11,1013.05,70.0,5.7
"Thu, 2026-05-21 13:46:36",5,32.0,4.41,50.3,276.0,8.28,24.17,1013.12,70.0,8.75
"Thu, 2026-05-21 13:47:41",4,30.83,4.37,16.14,247.0,8.24,23.9,1013.02,69.64,6.61
"Thu, 2026-05-21 13:48:50",5,32.0,1.97,34.63,234.0,8.37,24.02,1013.08,70.0,6.88
"Thu, 2026-05-21 13:50:53",5,32.0,5.3,32.6,281.0,,24.2,1013.04,70.0,4.48
"Thu, 2026-05-21 13:51:53",4,34.14,6.59,35.04,258.0,,24.23,1012.98,68.35,8.05
"Thu, 2026-05-21 13:52:54",5,32.0,4.3,38.56,311.0,8.21,24.16,1013.02,70.0,3.82
"Thu, 2026-05-21 13:53:54",5,32.0,0.17,40.78,230.0,8.39,24.15,1013.01,70.0,10.32
"Thu, 2026-05-21 13:56:07",5,32.0,1.76,49.16,291.0,8.46,24.16,1012.94,70.0,11.01
"Thu, 2026-05-21 13:57:03",4,32.03,3.6,18.31,334.0,8.2,24.23,1013.05,70.45,9.07
"Thu, 2026-05-21 13:58:06",4,31.63,,50.38,257.0,8.35,23.94,1013.06,70.33,4.28
"Thu, 2026-05-21 13:59:09",5,32.0,1.65,47.16,284.0,8.23,24.05,1013.07,70.0,11.48
"Thu, 2026-05-21 14:00:09",4,30.7,,29.6,323.0,8.37,24.11,1013.11,69.29,8.52
"Thu, 2026-05-21 14:01:09",5,32.0,31.07656919353232,15.57,297.0,8.33,24.14,1013.08,70.0,27.86
"Thu, 2026-05-21 14:02:07",5,,41.2,22.22,274.0,8.29,23.86,1012.99,70.0,3.67
"Thu, 2026-05-21 14:03:11",4,32.16,0.0,23.56,254.0,8.11,23.96,1013.0,69.57,15.16
"Thu, 2026-05-21 14:06:47",5,,0.0,47.82,300.0,8.65,24.11,1013.08,70.0,7.51
"Thu, 2026-05-21 14:07:48",5,,0.0,34.73,236.0,8.42,24.24,1013.05,70.0,7.6
"Thu, 2026-05-21 14:08:46",5,32.0,5.62,25.16,305.0,8.03,24.06,1013.03,70.0,3.56
"Thu, 2026-05-21 14:09:43",5,29.66,5.37,25.37,274.0,8.24,24.04,1012.97,70.0,11.77
"Thu, 2026-05-21 14:10:43",5,32.0,1.66,17.18,284.0,8.03,24.18,1013.0,70.0,7.58
"Thu, 2026-05-21 14:14:07",4,27.99,2.72,43.9,,8.45,24.08,1013.06,69.25,10.87
"Thu, 2026-05-21 14:15:05",4,29.14,1.58,32.36,316.0,8.31,24.22,1012.91,69.99,2.91
"Thu, 2026-05-21 14:16:02",5,26.96,0.0,53.98,290.0,8.32,24.09,1012.89,70.0,7.23
"Thu, 2026-05-21 14:16:59",5,26.87,7.76,35.34,276.0,8.16,23.98,1013.07,,11.56
"Thu, 2026-05-21 14:18:02",4,23.45,4.64,42.28,272.0,8.26,24.29,1013.0,70.18,8.28
"Thu, 2026-05-21 14:19:03",4,22.33,1.64,26.98,280.0,8.46,24.26,1013.06,70.58,3.01
"Thu, 2026-05-21 14:20:00",5,24.58,0.0,19.39,344.0,8.51,24.0,1013.12,70.0,13.03
"Thu, 2026-05-21 14:21:00",4,29.74,0.81,19.53,272.0,8.47,24.16,1012.97,70.59,13.27
"Thu, 2026-05-21 14:22:00",5,32.0,0.0,18.16,311.0,8.04,24.08,1012.93,70.0,8.05
"Thu, 2026-05-21 14:22:55",5,22.43,0.74,44.65,298.0,8.28,24.19,1013.01,70.0,8.44
"Thu, 2026-05-21 14:23:50",5,26.72,2.02,29.22,323.0,8.36,,1012.99,70.0,8.36
"Thu, 2026-05-21 14:24:55",4,26.93,0.0,40.52,313.0,8.18,24.22,1013.03,70.38,9.63
"Thu, 2026-05-21 14:25:57",4,27.52,0.0,33.93,286.0,8.02,24.26,1013.06,69.63,12.29
"Thu, 2026-05-21 14:27:51",5,32.0,8.27,29.96,310.0,8.08,24.0,1013.05,,10.82
"Thu, 2026-05-21 14:28:47",5,26.91,1.83,20.89,290.0,8.59,24.12,1013.03,70.0,5.14
"Thu, 2026-05-21 14:29:48",4,31.0,3.25,35.98,309.0,8.1,24.26,1013.09,71.42,6.65
"Thu, 2026-05-21 14:31:53",5,32.0,0.61,0.0,320.0,8.32,24.0,1013.07,70.0,9.85
"Thu, 2026-05-21 14:33:06",5,29.96,0.0,41.58,,8.29,24.03,1013.02,70.0,11.64
"Thu, 2026-05-21 14:34:04",4,26.3,0.68,19.93,268.0,8.29,24.19,1013.07,69.76,9.13
"Thu, 2026-05-21 14:35:08",5,28.83,0.43,40.23,268.0,8.26,24.1,1012.94,70.0,4.77
"Thu, 2026-05-21 14:36:06",4,22.57,3.01,,257.0,8.46,23.93,1013.09,70.13,6.0
"Thu, 2026-05-21 14:37:01",5,29.66,4.25,,262.0,9.5,24.08,1013.03,70.0,12.08
"Thu, 2026-05-21 14:37:58",4,,3.87,,284.0,8.2,24.32,1012.96,68.4,3.86
"Thu, 2026-05-21 14:38:54",5,23.32,3.54,,260.0,8.33,24.36,1013.01,70.0,18.41
"Thu, 2026-05-21 14:39:58",4,30.19,6.79,46.6,301.0,8.09,24.04,1013.09,71.11,9.18
"Thu, 2026-05-21 14:41:53",5,27.61,2.39,32.52,32.0,8.4,24.01,1012.98,70.0,13.77
"Thu, 2026-05-21 14:42:57",5,29.89,4.86,40.38,252.0,8.19,24.06,1013.06,70.0,6.85
"Thu, 2026-05-21 14:43:53",5,0.0,0.0,33.78,,,25.0,1013.08,70.0,7.69
"Thu, 2026-05-21 14:45:30",5,,0.0,23.61,270.0,8.41,24.22,1013.03,70.0,15.47
"Thu, 2026-05-21 14:46:25",5,26.8,0.63,22.95,272.0,8.24,24.29,1012.98,70.0,8.78
"Thu, 2026-05-21 14:48:07",4,30.46,0.0,42.59,274.0,8.25,24.24,1013.03,70.47,3.58
"Thu, 2026-05-21 14:49:12",5,24.72,1.48,21.09,280.0,8.53,23.96,1012.95,70.0,15.43
"Thu, 2026-05-21 14:50:12",4,23.74,0.0,38.83,263.0,8.14,24.0,1013.0,71.31,7.29
"Thu, 2026-05-21 14:51:12",5,16.51,1.37,34.92,295.0,8.41,24.03,1012.97,70.0,57.04
"Thu, 2026-05-21 14:52:08",5,27.4,4.13,35.83,303.0,8.49,24.05,1013.03,70.0,3.94
"Thu, 2026-05-21 14:53:04",5,24.73,4.4,27.24,236.0,8.53,24.03,1012.96,70.0,12.09
"Thu, 2026-05-21 14:54:07",5,28.96,6.28,24.27,,7.79,24.05,1013.04,70.0,12.63
"Thu, 2026-05-21 14:55:09",5,20.63,0.0,128.0,298.0,8.2,24.19,1013.1,70.0,5.97
"Thu, 2026-05-21 14:57:13",4,23.22,0.0,25.47,291.0,8.16,24.13,1013.1,69.97,4.78
"Thu, 2026-05-21 14:58:17",4,29.06,10.22,18.41,303.0,8.46,24.26,1012.96,70.39,10.34
"Thu, 2026-05-21 14:59:12",5,23.8,3.68,55.44,245.0,9.5,24.15,1012.99,70.0,7.36
"Thu, 2026-05-21 15:00:09",4,29.32,2.42,25.37,276.0,8.17,24.03,1013.08,70.6,8.27
"Thu, 2026-05-21 15:01:08",4,29.08,1.97,24.1,304.0,8.4,24.14,1013.08,69.9,9.24
"Thu, 2026-05-21 15:03:09",5,29.35,1.31,31.31,288.0,8.81,23.93,1013.0,70.0,4.64
"Thu, 2026-05-21 15:04:37",5,26.18,0.0,46.09,285.0,8.33,23.84,1013.0,70.0,15.05
"Thu, 2026-05-21 15:10:08",5,27.42,0.0,16.1,296.0,8.48,24.19,1013.04,70.0,12.46
"Thu, 2026-05-21 15:11:09",5,31.25,1.43,44.35,281.0,8.6,24.24,1012.92,70.0,8.23
"Thu, 2026-05-21 15:12:14",5,25.44,,20.15,318.0,8.77,24.12,1013.07,70.0,8.54
"Thu, 2026-05-21 15:13:16",4,26.8,0.0,36.88,323.0,8.36,24.07,1013.1,69.85,13.27
"Thu, 2026-05-21 15:14:17",5,27.66,8.9,24.14,,8.54,23.95,1013.01,70.0,9.42
"Thu, 2026-05-21 15:15:19",5,28.65,0.62,51.94,285.0,8.17,24.26,1012.95,70.0,0.92
"Thu, 2026-05-21 15:16:16",5,25.47,1.73,34.74,304.0,8.32,24.17,1013.12,70.0,1.69
"Thu, 2026-05-21 15:17:20",5,22.52,1.18,22.82,299.0,8.24,24.15,1013.05,70.0,1.04
"Thu, 2026-05-21 15:18:24",5,30.82,3.47,27.9,274.0,7.98,24.11,1013.08,70.0,0.08
"Thu, 2026-05-21 15:19:21",4,32.59,69.01,36.73,275.0,8.03,24.06,1012.96,70.28,0.73
"Thu, 2026-05-21 15:20:20",5,22.72,4.23,32.59,244.0,8.39,23.98,1012.96,70.0,2.5
"Thu, 2026-05-21 15:21:17",4,29.84,2.95,39.73,300.0,8.4,24.15,1013.06,70.6,2.08
"Thu, 2026-05-21 15:22:21",5,32.0,0.0,29.3,248.0,8.13,24.05,1013.1,70.0,1.53
"Thu, 2026-05-21 15:23:25",4,30.18,1.42,15.64,314.0,8.6,24.06,1012.97,69.44,
"Thu, 2026-05-21 15:24:28",4,26.27,0.69,34.67,255.0,8.12,24.32,1013.03,69.59,3.01
"Thu, 2026-05-21 15:25:50",5,25.67,0.27,33.82,288.0,8.36,24.11,1012.94,70.0,0.0
"Thu, 2026-05-21 15:27:14",5,29.25,2.99,25.64,292.0,8.24,23.82,1012.99,70.0,0.0
"Thu, 2026-05-21 15:28:19",5,19.97,1.98,44.67,286.0,8.34,24.05,1013.02,70.0,2.47
"Thu, 2026-05-21 15:29:22",4,30.12,3.02,32.66,269.0,8.48,24.0,1013.07,69.71,1.56
"Thu, 2026-05-21 15:30:32",5,28.33,2.34,34.27,279.0,8.45,24.1,1012.91,,3.11
"Thu, 2026-05-21 15:31:37",4,24.51,1.11,46.27,320.0,8.44,23.94,1013.12,69.4,2.01
"Thu, 2026-05-21 15:33:08",4,29.47,0.0,14.79,,8.42,24.17,1013.03,,2.06
"Thu, 2026-05-21 15:34:11",5,30.6,4.0,25.31,140.0,7.74,24.08,1013.12,70.0,1.03
"Thu, 2026-05-21 15:35:30",4,30.2,2.99,38.39,285.0,7.91,24.06,1013.08,69.18,0.18
"Thu, 2026-05-21 15:36:29",5,29.33,0.0,,310.0,7.87,24.13,1013.09,70.0,2.77
"Thu, 2026-05-21 15:37:32",4,35.04,2.72,55.97,291.0,8.0,24.11,1013.16,66.85,1.76
"Thu, 2026-05-21 15:38:52",4,26.71,3.03,33.62,277.0,7.85,24.1,1012.99,69.73,0.03
"Thu, 2026-05-21 15:39:57",5,32.0,5.39,44.47,284.0,6.5,24.09,1013.05,70.0,0.9
"Thu, 2026-05-21 15:40:56",4,28.38,2.56,41.43,256.0,8.23,24.11,1012.98,70.99,0.92
"Thu, 2026-05-21 15:41:57",5,32.0,2.84,47.06,319.0,7.7,24.16,1013.03,70.0,0.85
"Thu, 2026-05-21 15:43:54",5,32.0,4.72,39.1,283.0,7.93,24.14,1013.08,70.0,0.14
"Thu, 2026-05-21 15:44:57",4,28.32,0.34,43.23,270.0,7.73,24.25,1013.11,70.38,1.0
"Thu, 2026-05-21 15:45:58",5,32.0,3.11,36.77,297.0,8.06,24.05,1013.02,70.0,2.79
"Thu, 2026-05-21 15:46:59",4,30.2,0.0,37.31,332.0,7.8,24.14,1012.97,68.97,1.88
"Thu, 2026-05-21 15:47:58",5,25.84,4.28,22.23,314.0,7.94,24.41,1013.04,70.0,57.27
"Thu, 2026-05-21 15:48:56",4,30.34,0.0,30.27,231.0,7.7,24.11,1012.99,70.33,0.22
"Thu, 2026-05-21 15:49:57",5,32.0,4.33,26.72,277.0,8.17,,1013.01,70.0,0.0
"Thu, 2026-05-21 15:51:00",5,,,,283.0,7.95,23.96,1013.08,70.0,1.75
"Thu, 2026-05-21 15:52:03",5,25.19,3.75,12.9,284.0,7.25,24.03,1013.07,70.0,0.0
"Thu, 2026-05-21 15:53:05",5,28.41,0.0,28.51,294.0,8.08,24.1,1013.09,70.0,3.36
"Thu, 2026-05-21 15:55:02",4,32.07,1.79,34.4,294.0,7.71,24.18,1013.02,68.69,0.64
"Thu, 2026-05-21 15:55:57",5,27.11,1.33,32.75,261.0,7.82,24.19,1013.1,70.0,0.77
"Thu, 2026-05-21 15:56:58",5,32.0,3.18,43.51,,7.96,24.15,1013.04,70.0,1.24
"Thu, 2026-05-21 15:57:56",5,29.7,0.0,34.66,236.0,7.62,24.21,1013.02,70.0,2.85
"Thu, 2026-05-21 15:58:53",5,28.66,3.29,29.69,211.0,7.64,24.0,1012.98,70.0,2.32
"Thu, 2026-05-21 15:59:53",5,32.0,0.0,23.42,254.0,7.79,24.17,1012.92,70.0,2.2
"Thu, 2026-05-21 16:01:31",4,30.64,0.0,38.44,222.0,7.73,24.12,1012.95,69.5,1.41
"Thu, 2026-05-21 16:02:26",5,32.0,0.0,35.84,261.0,7.87,24.13,1013.05,70.0,0.93
"Thu, 2026-05-21 16:07:57",5,23.03,,39.14,219.0,,24.07,1012.99,70.0,0.53
"Thu, 2026-05-21 16:09:14",5,27.27,2.37,45.08,208.0,8.07,24.0,1012.94,70.0,0.95
"Thu, 2026-05-21 16:10:30",4,33.17,3.25,39.65,222.0,8.26,23.97,1013.02,68.93,2.75
"Thu, 2026-05-21 16:11:35",5,32.0,6.3,42.67,235.0,7.93,24.15,1013.06,70.0,1.94
"Thu, 2026-05-21 16:13:06",4,23.5,0.05,49.75,224.0,9.5,24.17,1013.07,69.8,0.91
"Thu, 2026-05-21 16:14:08",5,25.73,2.77,51.36,197.0,7.93,24.1,1013.04,70.0,2.87
"Thu, 2026-05-21 16:15:08",5,32.0,2.08,59.15,251.0,7.99,24.11,1013.04,,0.38
"Thu, 2026-05-21 16:16:49",4,26.33,0.82,56.68,228.0,8.01,24.03,1013.01,70.35,0.17
"Thu, 2026-05-21 16:17:51",5,25.86,4.88,58.75,223.0,8.1,24.18,1013.08,70.0,0.98
"Thu, 2026-05-21 16:19:16",4,18.18,6.46,0.0,292.0,8.1,24.12,1013.03,70.78,3.35
"Thu, 2026-05-21 16:20:13",5,23.21,0.0,50.25,185.0,8.03,24.07,1013.04,70.0,0.14
"Thu, 2026-05-21 16:21:16",5,27.8,3.75,33.67,247.0,8.21,24.22,1013.11,70.0,0.0
"Thu, 2026-05-21 16:22:21",4,22.12,1.22,25.54,228.0,7.94,24.19,1013.09,70.61,1.04
"Thu, 2026-05-21 16:23:25",5,26.73,2.08,47.99,219.0,7.82,23.93,1013.28,70.0,2.95
"Thu, 2026-05-21 16:24:39",4,21.6,1.25,20.51,221.0,7.85,24.12,1013.02,70.43,1.32
"Thu, 2026-05-21 16:25:37",5,32.0,0.88,119.9,270.0,7.91,24.0,1013.02,70.0,2.0
"Thu, 2026-05-21 16:29:42",5,32.0,0.0,26.09,288.0,7.74,24.13,1012.92,70.0,8.39
"Thu, 2026-05-21 16:30:41",4,26.62,5.29,,277.0,7.82,23.74,1013.11,71.29,6.77
"Thu, 2026-05-21 16:31:42",5,28.67,0.0,45.12,286.0,7.73,24.14,1013.0,70.0,5.06
"Thu, 2026-05-21 16:33:04",5,24.41,0.01,42.4,222.0,8.0,24.2,1013.1,70.0,6.37
"Thu, 2026-05-21 16:34:02",5,26.68,0.42,49.77,200.0,8.0,24.1,1013.05,70.0,12.97
"Thu, 2026-05-21 16:34:59",5,32.0,0.0,46.38,238.0,7.62,23.98,1013.13,70.0,14.0
"Thu, 2026-05-21 16:36:02",5,26.13,1.72,25.45,259.0,7.82,24.35,1013.08,70.0,16.11
"Thu, 2026-05-21 16:36:58",5,,0.96,32.32,193.0,8.26,24.25,1013.1,70.0,12.0
"Thu, 2026-05-21 16:38:29",4,21.9,0.0,36.44,214.0,8.05,24.05,1012.97,69.94,13.51
"Thu, 2026-05-21 16:39:31",5,31.78,2.29,36.64,219.0,8.02,24.08,1012.6,70.0,7.79
"Thu, 2026-05-21 16:40:29",5,16.35,0.0,23.93,248.0,7.81,23.88,1012.62,70.0,11.14
"Thu, 2026-05-21 16:41:30",4,26.47,3.79,40.4,238.0,7.99,24.17,1012.7,70.17,8.53
"Thu, 2026-05-21 16:42:27",5,27.61,0.0,25.88,220.0,7.93,23.95,1012.7,70.0,14.02
"Thu, 2026-05-21 16:43:22",4,24.72,0.0,13.65,225.0,7.79,,1012.66,68.73,15.89
"Thu, 2026-05-21 16:44:22",5,30.79,3.87,38.14,211.0,7.85,24.24,1012.69,70.0,11.28
"Thu, 2026-05-21 16:45:27",5,31.97,0.0,29.77,228.0,7.85,30.995105073754235,1012.64,70.0,13.25
"Thu, 2026-05-21 16:46:38",5,22.82,0.0,23.62,208.0,7.67,23.99,1012.81,70.0,13.14
"Thu, 2026-05-21 16:47:35",4,33.31,0.11,6.26,228.0,7.7,24.27,1012.69,69.96,1.73
"Thu, 2026-05-21 16:48:38",5,22.79,0.19,29.26,219.0,7.9,24.12,1012.63,70.0,8.34
"Thu, 2026-05-21 16:49:34",5,32.0,1.59,0.0,256.0,7.78,24.13,1012.72,70.0,11.26
"Thu, 2026-05-21 16:50:31",5,28.29,0.69,26.58,238.0,7.88,24.0,1012.74,70.0,10.49
"Thu, 2026-05-21 16:51:36",5,26.0,0.0,40.37,233.0,7.64,24.14,1012.62,70.0,10.29
"Thu, 2026-05-21 16:52:31",5,26.33,3.35,54.13,283.0,8.08,24.09,1012.58,70.0,37.07
"Thu, 2026-05-21 16:53:31",5,27.65,5.2,42.5,249.0,8.31,23.96,1012.6,70.0,7.57
"Thu, 2026-05-21 16:54:35",5,28.5,0.0,46.71,230.0,8.12,24.28,1012.63,70.0,13.56
"Thu, 2026-05-21 16:56:06",4,23.56,0.0,54.19,200.0,8.14,24.33,1012.67,69.65,9.9
"Thu, 2026-05-21 16:58:03",4,28.73,4.13,24.22,212.0,8.05,24.24,1012.57,69.74,10.63
"Thu, 2026-05-21 16:59:03",5,25.07,5.55,45.75,237.0,7.98,24.22,1012.64,70.0,3.5
"Thu, 2026-05-21 17:00:05",5,23.51,0.0,50.41,247.0,7.95,24.33,1012.66,70.0,3.3
"Thu, 2026-05-21 17:01:08",5,0.0,0.0,32.44,191.0,7.77,23.99,1012.69,70.0,
"Thu, 2026-05-21 17:02:13",5,23.74,5.55,29.66,205.0,8.06,23.99,1012.71,70.0,3.76
"Thu, 2026-05-21 17:03:08",5,26.3,0.0,42.64,226.0,8.05,24.07,1012.69,70.0,4.13
"Thu, 2026-05-21 17:04:18",4,31.11,6.21,68.16,213.0,7.85,24.15,1012.78,69.85,5.44
"Thu, 2026-05-21 17:05:13",5,28.19,0.77,24.85,240.0,8.03,24.08,1012.73,70.0,6.65
"Thu, 2026-05-21 17:07:02",5,32.0,2.82,,244.0,7.81,23.99,1012.68,70.0,2.88
"Thu, 2026-05-21 17:10:17",5,20.03,0.0,40.87,236.0,7.82,24.12,1012.61,77.41306799132559,
"Thu, 2026-05-21 17:11:13",5,29.41,4.49,38.85,253.0,8.07,24.1,1012.63,70.0,9.91
"Thu, 2026-05-21 17:12:28",5,27.79,3.75,47.0,224.0,8.01,24.22,1012.58,70.0,7.91
"Thu, 2026-05-21 17:13:23",5,30.62,6.85,21.76,238.0,7.89,24.12,1012.68,70.0,13.57
"Thu, 2026-05-21 17:14:25",5,32.0,6.2,28.22,214.0,7.87,23.89,1012.69,70.0,8.71
"Thu, 2026-05-21 17:15:27",5,27.19,1.13,41.18,246.0,7.97,24.16,1012.72,70.0,11.86
"Thu, 2026-05-21 17:16:27",5,28.37,10.66,24.23,241.0,7.6,24.31,1012.69,70.0,4.15
"Thu, 2026-05-21 17:17:23",4,24.73,4.9,30.56,211.0,7.8,24.12,1012.73,69.86,5.81
"Thu, 2026-05-21 17:18:19",5,29.91,3.19,17.88,235.0,,24.23,1012.73,70.0,8.03
"Thu, 2026-05-21 17:19:21",4,16.66,0.0,44.14,241.0,7.94,24.05,1012.61,70.0,16.12
"Thu, 2026-05-21 17:20:24",5,18.55,0.0,51.15,,8.13,24.18,1012.64,70.0,14.52
"Thu, 2026-05-21 17:21:26",5,19.44,0.0,29.07,247.0,8.02,24.03,1012.67,70.0,8.38
"Thu, 2026-05-21 17:22:27",5,19.69,0.0,51.78,221.0,7.84,24.09,1012.63,70.0,12.59
"Thu, 2026-05-21 17:23:32",4,24.23,4.93,87.49694332052495,258.0,7.81,24.09,1012.65,70.38,6.17
"Thu, 2026-05-21 17:25:23",5,31.57,3.27,19.8,252.0,7.8,24.17,1012.69,70.0,11.82
"Thu, 2026-05-21 17:26:18",5,24.52,0.0,33.7,221.0,8.29,24.02,1012.66,70.0,5.08
"Thu, 2026-05-21 17:31:33",4,17.01,0.0,28.6,227.0,7.95,23.94,1012.7,69.77,9.46
"Thu, 2026-05-21 17:32:37",5,22.46,0.0,35.44,223.0,7.97,24.17,1012.7,70.0,5.52
"Thu, 2026-05-21 17:33:41",5,22.61,2.87,40.55,202.0,7.55,24.17,1012.62,70.0,9.77
"Thu, 2026-05-21 17:34:39",5,17.01,0.0,57.95,244.0,7.72,23.14,1012.59,70.0,8.67
"Thu, 2026-05-21 17:35:37",4,18.22,0.5,23.08,249.0,7.93,24.23,1012.74,69.83,8.97
"Thu, 2026-05-21 17:36:42",5,20.03,0.98,0.0,275.0,7.84,24.09,1012.77,70.0,
"Thu, 2026-05-21 17:37:41",5,23.08,0.0,27.41,420.0,7.96,24.15,1012.68,70.0,9.62
"Thu, 2026-05-21 17:38:42",5,14.61,4.03,21.39,,7.96,24.07,1012.65,,7.13
"Thu, 2026-05-21 17:39:44",4,18.74,12.24,39.15,249.0,8.04,24.08,1012.73,69.76,
"Thu, 2026-05-21 17:40:42",5,22.26,0.0,34.68,179.0,7.6,24.16,1012.7,70.0,8.86
"Thu, 2026-05-21 17:41:46",5,20.4,2.7,20.87,231.0,7.74,24.39,1012.66,70.0,4.16
"Thu, 2026-05-21 17:42:42",4,26.5,1.02,37.84,,7.92,24.2,1012.73,70.62,8.06
"Thu, 2026-05-21 17:44:01",4,13.44,,21.71,294.0,,24.18,1012.62,69.99,6.24
"Thu, 2026-05-21 17:45:03",4,29.11,0.0,36.07,221.0,7.88,24.21,1012.63,70.52,10.71
"Thu, 2026-05-21 17:46:03",5,14.87,1.75,52.1,253.0,7.95,23.06,1012.69,70.0,8.99
"Thu, 2026-05-21 17:47:04",4,14.42,5.57,45.74,250.0,7.8,24.15,1012.68,69.3,3.06
"Thu, 2026-05-21 17:48:01",5,20.04,0.0,36.45,203.0,7.97,24.22,,70.0,5.07
"Thu, 2026-05-21 17:49:34",5,16.28,0.58,28.93,225.0,8.03,24.13,1012.74,67.36347477074482,10.84
"Thu, 2026-05-21 17:50:36",5,20.12,0.0,43.95,277.0,7.95,24.11,1012.58,70.0,12.83
"Thu, 2026-05-21 17:51:38",5,19.99,8.15,43.34,235.0,8.06,24.0,1012.67,70.0,3.34
"Thu, 2026-05-21 17:57:32",5,19.57,3.73,42.52,262.0,7.54,24.06,1012.78,70.0,
"Thu, 2026-05-21 17:58:37",4,19.82,0.52,34.3,280.0,7.83,24.02,1012.63,70.14,12.42
"Thu, 2026-05-21 17:59:34",5,21.77,0.0,40.21,228.0,8.09,24.24,1012.63,70.0,5.93
"Thu, 2026-05-21 18:00:54",4,19.45,0.0,29.38,181.0,7.78,24.3,,70.34,5.0
"Thu, 2026-05-21 18:01:50",4,25.07,2.93,,213.0,7.75,24.35,1012.68,70.18,6.36
"Thu, 2026-05-21 18:02:47",5,,,47.64,275.0,7.91,24.01,1012.7,70.0,16.6
"Thu, 2026-05-21 18:03:44",4,17.44,0.0,45.87,246.0,7.93,24.04,1012.7,70.38,9.93
"Thu, 2026-05-21 18:04:48",4,12.81,0.0,35.33,183.0,7.84,24.03,1012.61,70.47,4.56
"Thu, 2026-05-21 18:05:53",5,19.65,0.43,50.25,260.0,8.27,23.99,1012.67,70.0,7.65
"Thu, 2026-05-21 18:06:55",4,8.91,0.0,39.21,213.0,7.99,23.99,1012.68,70.03,6.17
"Thu, 2026-05-21 18:07:56",4,19.61,0.0,35.78,218.0,7.77,24.05,1012.67,69.46,3.09
"Thu, 2026-05-21 18:08:51",5,15.79,2.21,29.03,241.0,7.67,24.22,1010.9419650799714,70.0,14.77
"Thu, 2026-05-21 18:09:51",5,15.1,0.0,52.27,302.0,,24.03,1012.67,70.0,8.9
"Thu, 2026-05-21 18:10:50",5,11.66,0.71,44.29,260.0,7.77,24.24,1012.62,70.0,13.0
"Thu, 2026-05-21 18:11:49",4,16.55,0.42,53.12,230.0,8.32,24.28,1012.56,69.99,14.83
"Thu, 2026-05-21 18:12:50",5,15.33,1.18,60.26,240.0,8.01,24.15,1012.71,70.0,7.32
"Thu, 2026-05-21 18:13:45",5,12.96,2.57,20.99,262.0,8.03,24.26,1012.68,70.0,
"Thu, 2026-05-21 18:14:48",4,17.38,0.0,21.19,270.0,7.98,23.95,1012.7,69.56,7.46
"Thu, 2026-05-21 18:15:46",4,9.66,0.0,128.0,217.0,8.14,24.05,1013.25,67.13,11.58
"Thu, 2026-05-21 18:17:19",4,10.63,,45.65,237.0,7.5,24.14,1012.71,70.75,7.91
"Thu, 2026-05-21 18:18:19",5,11.55,0.0,42.95,420.0,7.72,24.14,1012.73,70.0,7.27
"Thu, 2026-05-21 18:20:13",4,16.46,0.0,37.94,252.0,8.12,24.29,1012.77,70.15,3.37
"Thu, 2026-05-21 18:21:18",5,15.51,0.0,27.38,265.0,8.2,24.0,1012.72,70.0,3.59
"Thu, 2026-05-21 18:22:17",5,,0.0,37.0,191.0,7.71,24.05,1012.69,70.0,7.61
"Thu, 2026-05-21 18:23:22",4,10.24,0.0,37.0,231.0,7.61,24.11,1012.59,69.94,3.32
"Thu, 2026-05-21 18:24:21",5,17.62,4.29,43.33,209.0,7.96,24.05,1012.66,70.0,14.01
"Thu, 2026-05-21 18:25:21",4,13.4,1.99,39.7,235.0,8.02,23.99,1012.58,68.93,14.81
"Thu, 2026-05-21 18:26:17",4,13.64,0.0,44.89,188.0,7.96,24.06,1012.62,72.08,69.8
"Thu, 2026-05-21 18:27:21",5,17.04,0.0,36.1,206.0,7.92,24.09,1012.79,70.0,
"Thu, 2026-05-21 18:28:20",5,15.48,,48.95,267.0,7.34,24.29,1012.61,70.0,7.76
"Thu, 2026-05-21 18:29:40",5,13.54,0.0,43.87,235.0,7.28,23.99,1012.53,70.0,9.92
"Thu, 2026-05-21 18:30:35",5,15.92,0.0,25.43,238.0,7.03,23.02,1012.72,70.0,3.6
"Thu, 2026-05-21 18:31:30",4,13.19,0.0,49.0,257.0,7.48,24.27,1012.63,69.87,13.84
"Thu, 2026-05-21 18:32:25",5,15.29,2.64,53.15,420.0,7.53,24.05,1012.72,70.0,10.64
"Thu, 2026-05-21 18:33:29",4,14.18,2.78,40.79,234.0,7.24,24.15,1012.6,68.46,5.51
"Thu, 2026-05-21 18:34:26",5,11.31,0.0,40.59,229.0,7.34,24.18,1012.64,70.0,13.81
"Thu, 2026-05-21 18:35:24",5,16.17,0.88,47.93,229.0,7.29,24.16,1012.74,70.0,5.98
"Thu, 2026-05-21 18:36:24",4,13.88,86.98,23.12,,7.29,24.13,1012.59,69.33,12.46
"Thu, 2026-05-21 18:37:21",5,12.39,0.0,46.48,,7.47,24.03,1012.66,70.0,6.54
"Thu, 2026-05-21 18:38:17",5,15.14,0.0,29.75,232.0,7.47,24.19,1012.69,70.0,14.15
"Thu, 2026-05-21 18:39:17",5,18.58,0.0,55.59,249.0,7.57,24.07,1012.63,70.0,14.48
"Thu, 2026-05-21 18:40:18",4,,,39.54,294.0,7.57,24.12,1012.68,71.23,8.05
"Thu, 2026-05-21 18:41:18",4,14.18,3.87,28.86,263.0,7.35,24.14,1012.67,69.58,8.96
"Thu, 2026-05-21 18:42:23",4,0.0,0.0,34.97,237.0,7.89,24.22,1012.7,69.99,7.13
"Thu, 2026-05-21 18:43:20",5,18.35,0.0,128.0,288.0,7.66,24.35,1012.78,70.0,13.51
"Thu, 2026-05-21 18:46:03",5,7.76,1.41,34.84,272.0,7.26,24.03,1012.83,70.0,11.03
"Thu, 2026-05-21 18:47:05",4,20.14,3.57,36.21,241.0,7.4,24.12,1012.7,69.57,13.49
"Thu, 2026-05-21 18:51:35",5,9.64,0.0,33.61,227.0,7.02,23.94,1012.66,70.0,2.75
"Thu, 2026-05-21 18:52:34",5,11.28,0.0,43.99,224.0,7.38,24.29,1012.7,67.78166003948614,5.96
"Thu, 2026-05-21 18:53:39",4,14.83,0.0,55.76,172.0,7.68,24.12,1012.66,69.28,12.85
"Thu, 2026-05-21 18:54:40",5,23.88,0.0,15.63,263.0,7.88,24.08,1012.57,70.0,3.36
"Thu, 2026-05-21 18:55:39",5,22.18,1.56,65.7,241.0,7.36,24.12,1012.67,70.0,0.62
"Thu, 2026-05-21 18:57:04",5,18.81,0.0,39.33,194.0,7.44,24.13,1012.73,70.0,14.34
"Thu, 2026-05-21 18:59:48",5,17.61,0.0,44.38,269.0,7.49,24.03,1012.58,70.0,12.1
"Thu, 2026-05-21 19:00:50",4,9.07,,38.3,237.0,7.73,24.26,1012.61,70.1,5.14
"Thu, 2026-05-21 19:05:29",4,9.43,0.0,35.63,252.0,7.56,25.92,1088.97,74.84,5.42
"Thu, 2026-05-21 19:06:28",5,14.52,0.0,42.64,201.0,7.364962932527362,24.21,1012.69,70.0,10.79
"Thu, 2026-05-21 19:07:33",5,13.61,1.87,25.95,251.0,7.32,24.03,1012.81,70.0,3.93
"Thu, 2026-05-21 19:08:37",5,17.04,0.0,33.17,252.0,7.17,24.03,1012.62,,7.6
"Thu, 2026-05-21 19:09:33",5,14.88,5.71,48.51,238.0,7.32,24.1,1012.67,70.0,14.44
"Thu, 2026-05-21 19:10:29",5,19.6,5.93,23.39,229.0,7.23,24.21,,70.0,12.39
"Thu, 2026-05-21 19:11:29",4,10.76,0.0,41.34,289.0,7.45,24.18,1012.65,69.72,11.31
"Thu, 2026-05-21 19:12:26",4,29.8,8.9,28.86,208.0,7.08,24.02,1012.67,69.91,9.28
"Thu, 2026-05-21 19:13:30",5,13.56,1.92,33.16,221.0,7.4,24.2,1012.64,70.0,5.4
"Thu, 2026-05-21 19:14:33",5,15.23,0.0,54.31,257.0,7.5,24.0,1012.83,70.0,11.97
"Thu, 2026-05-21 19:15:38",5,17.76,0.0,27.96,214.0,7.65,24.04,1012.71,70.0,4.66
"Thu, 2026-05-21 19:16:34",5,12.81,1.06,23.07,212.0,7.5,24.13,1012.64,70.0,11.24
"Thu, 2026-05-21 19:17:36",4,15.81,0.0,31.61,286.0,7.63,23.97,1012.74,,5.11
"Thu, 2026-05-21 19:18:33",4,17.22,0.78,29.22,261.0,7.27,24.0,1013.2,69.47,4.76
"Thu, 2026-05-21 19:19:35",5,14.49,0.0,35.73,251.0,7.45,24.3,1012.67,70.0,3.25
"Thu, 2026-05-21 19:20:33",4,16.15,0.0,35.42,246.0,6.98,24.28,1012.66,70.29,12.92
"Thu, 2026-05-21 19:21:35",5,16.31,0.0,39.68,222.0,7.36,24.39,1012.65,70.0,9.13
"Thu, 2026-05-21 19:22:40",5,14.19,1.33,31.85,233.0,7.45,24.17,1012.6,70.0,8.18
"Thu, 2026-05-21 19:24:22",5,16.93,0.0,30.81,237.0,7.46,24.19,1012.57,70.0,9.88
"Thu, 2026-05-21 19:25:25",5,15.96,0.0,43.5,260.0,7.1,24.1,1012.69,70.0,9.87
"Thu, 2026-05-21 19:26:25",5,14.82,0.0,88.72,250.0,7.31,24.07,1012.66,70.0,12.87
"Thu, 2026-05-21 19:27:30",5,22.55,0.73,30.99,216.0,7.33,24.22,1012.72,70.0,5.71
"Thu, 2026-05-21 19:28:27",4,19.94,0.0,53.59,267.0,7.3,24.28,1012.62,71.39,5.16
"Thu, 2026-05-21 19:33:48",5,15.7,2.19,33.16,197.0,7.51,24.21,1012.6,70.0,12.91
"Thu, 2026-05-21 19:35:08",5,17.58,0.0,49.87,231.0,7.34,24.01,1012.72,70.0,8.65
"Thu, 2026-05-21 19:36:10",4,13.5,0.0,51.01,222.0,7.4,24.16,1012.65,70.4,7.97
"Thu, 2026-05-21 19:37:08",5,15.59,,47.49,218.0,7.29,24.02,1012.72,70.0,31.78
"Thu, 2026-05-21 19:38:08",5,16.03,0.0,44.33,287.0,7.57,24.08,1012.67,70.0,1.54
"Thu, 2026-05-21 19:43:21",4,10.39,0.0,12.88,185.0,7.58,24.31,1012.78,70.1,0.73
"Thu, 2026-05-21 19:45:26",5,18.56,1.62,34.27,219.0,7.32,23.97,1012.71,70.0,1.7
"Thu, 2026-05-21 19:46:22",5,15.46,0.0,34.26,252.0,7.89,24.38,1012.69,78.44086632471314,0.0
"Thu, 2026-05-21 19:47:22",5,16.01,3.23,19.37,227.0,7.24,24.18,1012.72,70.0,2.13
"Thu, 2026-05-21 19:48:27",5,15.29,2.35,42.18,243.0,7.56,24.06,1012.65,70.0,2.33
"Thu, 2026-05-21 19:49:29",5,27.67,2.8,41.4,148.0,7.21,24.12,1012.57,70.0,1.31
"Thu, 2026-05-21 19:50:25",5,15.02,0.0,42.19,255.0,7.52,24.03,1012.69,70.0,1.58
"Thu, 2026-05-21 19:51:27",5,10.12,0.0,35.78,227.0,7.5,24.05,1012.79,70.0,0.7
"Thu, 2026-05-21 19:52:32",4,10.98,0.0,45.33,224.0,7.2,24.12,1012.53,68.96,0.09
"Thu, 2026-05-21 19:58:11",4,21.02,3.46,16.61,246.0,7.35,24.08,1012.7,69.14,0.73
"Thu, 2026-05-21 19:59:07",5,22.12,3.55,24.3,255.0,7.71,24.0,1012.58,70.0,2.89
"Thu, 2026-05-21 20:00:12",5,15.09,0.51,14.03,240.0,7.23,24.09,1012.67,70.0,0.49
"Thu, 2026-05-21 20:01:12",4,21.54,0.0,36.73,223.0,7.45,23.96,1012.67,71.6,2.92
"Thu, 2026-05-21 20:02:08",4,20.79,4.58,28.34,257.0,7.44,,1012.71,68.77,1.36
"Thu, 2026-05-21 20:03:09",5,16.89,0.0,,237.0,7.37,23.96,1012.68,70.0,0.98
"Thu, 2026-05-21 20:04:06",5,16.67,4.99,42.88,420.0,7.07,24.32,1012.75,70.0,0.28
"Thu, 2026-05-21 20:05:08",5,18.24,0.61,32.29,258.0,7.53,24.16,1012.74,70.0,0.29
"Thu, 2026-05-21 20:07:13",5,20.71,1.7,24.85,246.0,7.38,24.19,1012.66,70.0,1.52
"Thu, 2026-05-21 20:08:51",5,,0.0,64.04,187.0,7.58,24.12,1012.73,70.0,2.04
"Thu, 2026-05-21 20:09:53",5,15.32,3.6,35.89,218.0,7.42,24.18,1012.65,70.0,1.43
"Thu, 2026-05-21 20:10:55",4,,1.47,29.92,226.0,7.39,24.26,1012.64,69.26,0.92
"Thu, 2026-05-21 20:12:12",5,24.68,5.11,29.17,234.0,7.45,24.35,1012.6,64.98,0.16
"Thu, 2026-05-21 20:13:13",4,22.45,0.41,39.35,302.0,7.2,24.36,1012.75,70.07,0.47
"Thu, 2026-05-21 20:14:15",5,20.84,0.06,39.71,319.0,7.66,24.17,1012.65,70.0,24.92
"Thu, 2026-05-21 20:15:16",4,21.19,1.82,53.72,185.0,7.5,24.28,1004.7991737807205,69.6,1.57
"Thu, 2026-05-21 20:16:16",5,0.0,,36.2,247.0,7.31,24.06,1012.7,70.0,0.57
"Thu, 2026-05-21 20:17:11",5,18.26,2.87,63.77,241.0,,24.26,1012.64,70.0,2.13
"Thu, 2026-05-21 20:18:08",4,22.53,0.65,33.64,239.0,7.34,24.24,1012.65,70.08,0.47
"Thu, 2026-05-21 20:19:09",5,20.45,0.0,42.32,253.0,7.38,24.23,1012.66,70.0,2.35
"Thu, 2026-05-21 20:20:23",4,19.12,2.34,47.72,235.0,7.24,24.23,1012.65,70.1,1.68
"Thu, 2026-05-21 20:21:21",5,15.56,0.0,45.91,230.0,7.43,24.34,1012.83,70.0,1.86
"Thu, 2026-05-21 20:22:16",5,19.36,0.09,54.5,240.0,7.04,24.17,1012.77,69.77,0.36
"Thu, 2026-05-21 20:23:16",5,17.81,0.0,33.04,253.0,7.31,24.5,1012.71,70.0,1.97
"Thu, 2026-05-21 20:24:20",5,16.99,0.0,40.06,251.0,7.41,24.34,1012.68,,1.93
"Thu, 2026-05-21 20:25:25",5,27.47,2.32,16.25,244.0,7.38,24.18,1012.74,70.0,0.49
"Thu, 2026-05-21 20:27:11",4,15.97,5.45,37.51,225.0,6.86,24.35,1012.68,69.96,0.7
"Thu, 2026-05-21 20:28:12",5,21.5,0.0,46.31,310.0,7.24,24.39,1012.72,70.0,2.04
"Thu, 2026-05-21 20:29:07",5,15.16,1.65,45.49,248.0,7.05,24.32,1012.7,70.0,0.82
"Thu, 2026-05-21 20:30:02",5,18.66,6.94,28.81,258.0,7.5,24.15,1012.68,70.0,1.72
"Thu, 2026-05-21 20:31:02",4,26.34,3.75,54.25,245.0,7.2,24.54,1012.73,70.09,0.0
"Thu, 2026-05-21 20:31:58",5,14.89,0.0,35.98,244.0,7.48,24.35,1012.64,69.51,1.0
"Thu, 2026-05-21 20:32:55",4,15.29,0.15,29.62,251.0,7.05,23.05,1012.16,71.39,2.33
"Thu, 2026-05-21 20:34:19",5,18.25,1.26,31.08,191.0,7.34,24.29,1012.61,70.0,
"Thu, 2026-05-21 20:35:18",5,15.37,3.69,25.49,195.0,7.27,24.24,1012.62,70.0,0.21
"Thu, 2026-05-21 20:36:20",5,17.22,3.3,47.46,184.0,7.76,24.27,1012.52,69.9,0.9
"Thu, 2026-05-21 20:37:23",4,19.84,0.0,39.96,221.0,7.48,24.12,1012.7,69.15,2.44
"Thu, 2026-05-21 20:38:28",4,23.02,0.0,49.12,261.0,7.47,24.27,1012.71,69.84,0.98
"Thu, 2026-05-21 20:39:27",5,15.89,0.0,31.62,214.0,7.63,24.17,1012.73,,1.49
"Thu, 2026-05-21 20:40:24",4,24.06,0.0,37.48,206.0,7.32,24.22,1012.6,71.22,1.9
"Thu, 2026-05-21 20:41:25",5,17.24,0.0,14.07,185.0,7.25,24.31,1012.7,70.0,0.99
"Thu, 2026-05-21 20:42:25",5,13.86,0.0,47.39,201.0,7.23,24.21,1012.67,,0.49
"Thu, 2026-05-21 20:43:24",5,32.0,1.87,39.08,175.0,7.32,24.23,1012.71,70.0,1.03
"Thu, 2026-05-21 20:44:20",5,32.0,1.87,39.08,175.0,7.32,24.23,1012.71,70.0,1.03
"Thu, 2026-05-21 20:45:26",4,20.33,0.0,35.09,252.0,7.27,24.16,1012.65,68.17,2.67
"Thu, 2026-05-21 20:46:27",5,,0.0,,196.0,7.31,24.19,1012.58,69.38,1.88
"Thu, 2026-05-21 20:47:26",5,21.07,1.27,55.53,212.0,6.679223290574401,24.11,1012.63,70.0,2.42
"Thu, 2026-05-21 20:48:21",5,21.59,1.29,51.72,206.0,6.64,22.87,1085.28,71.75,2.64
"Thu, 2026-05-21 20:49:17",4,0.63,1.19,0.0,210.0,7.24,24.28,1012.68,71.08,26.66
"Thu, 2026-05-21 20:50:22",4,17.79,0.0,27.63,,6.99,24.34,1012.57,,2.19
"Thu, 2026-05-21 20:51:27",5,,0.0,28.62,194.0,7.59,24.16,1012.64,70.0,1.56
"Thu, 2026-05-21 20:52:22",4,21.46,0.0,40.94,146.0,7.22,24.33,1012.68,69.97,2.17
"Thu, 2026-05-21 20:53:26",4,14.42,0.0,30.78,165.0,6.89,24.27,1012.75,69.58,2.55
"Thu, 2026-05-21 20:54:56",5,24.82,4.14,37.28,212.0,7.23,24.09,1012.62,70.0,0.84
"Thu, 2026-05-21 20:55:55",4,14.3,0.0,44.01,238.0,7.43,24.28,1012.7,70.07,2.22
"Thu, 2026-05-21 20:56:54",4,17.11,1.49,34.24,225.0,,24.4,1012.64,69.26,1.05
"Thu, 2026-05-21 20:59:44",5,13.35,0.0,42.61,248.0,7.1,24.03,1012.64,69.71,
"Thu, 2026-05-21 21:00:44",5,12.75,4.97,28.89,194.0,7.14,24.5,1013.01,70.0,
"Thu, 2026-05-21 21:02:40",4,15.77,0.37,38.02,216.0,7.21,24.18,1012.61,70.75,1.0
"Thu, 2026-05-21 21:04:01",5,,0.0,45.76,137.0,,24.06,1012.64,70.0,3.21
"Thu, 2026-05-21 21:05:05",4,12.88,1.61,36.92,245.0,7.04,24.27,1012.73,70.05,0.37
"Thu, 2026-05-21 21:06:07",4,16.34,1.4,50.27,233.0,7.25,24.36,1012.62,70.36,1.62
"Thu, 2026-05-21 21:07:11",5,19.14,0.0,40.61,,7.03,24.22,1012.61,70.0,1.94
"Thu, 2026-05-21 21:08:11",5,13.84,0.0,36.18,252.0,7.44,24.29,1012.68,70.0,2.09
"Thu, 2026-05-21 21:09:15",5,13.34,0.69,29.58,195.0,7.46,25.26,1012.67,70.0,0.25
"Thu, 2026-05-21 21:10:12",5,14.97,0.0,29.1,207.0,7.09,25.13,1012.67,70.0,0.45
"Thu, 2026-05-21 21:11:15",4,19.51,0.0,23.47,204.0,7.14,25.18,1012.68,69.46,1.1
"Thu, 2026-05-21 21:12:14",5,16.86,0.37,25.24,211.0,7.19,25.13,1012.61,70.0,1.27
"Thu, 2026-05-21 21:13:40",5,15.65,0.0,51.45,,7.26,25.21,1012.62,70.0,2.83
"Thu, 2026-05-21 21:14:39",4,9.71,0.0,15.55,231.0,7.31,25.27,1012.73,70.29,2.49
"Thu, 2026-05-21 21:15:41",5,11.76,0.0,49.38,199.0,7.35,25.17,1012.66,,1.72
"Thu, 2026-05-21 21:16:38",4,11.11,2.6,28.93,194.0,7.34,25.08,1012.7,70.87,1.03
"Thu, 2026-05-21 21:17:36",5,20.1,3.72,48.32,219.0,7.55,25.42,1012.74,,
"Thu, 2026-05-21 21:19:49",5,17.26,2.51,14.46,206.0,7.28,25.4,1012.72,70.0,59.75
"Thu, 2026-05-21 21:21:29",4,10.81,0.0,35.66,178.0,7.03,25.13,1012.59,70.0,2.61
"Thu, 2026-05-21 21:23:21",5,13.2,0.84,52.97,163.0,6.98,25.34,1012.66,70.0,3.08
"Thu, 2026-05-21 21:25:09",4,12.72,0.0,45.36,193.0,7.56,25.47,1012.73,71.61,2.43
"Thu, 2026-05-21 21:26:07",5,11.84,0.0,37.61,176.0,7.36,25.47,1012.7,70.0,1.03
"Thu, 2026-05-21 21:27:10",4,18.23,0.0,14.37,160.0,7.3,25.3,1012.68,70.88,0.21
"Thu, 2026-05-21 21:28:07",4,13.72,0.0,18.75,198.0,7.35,25.52,1012.57,70.21,2.19
"Thu, 2026-05-21 21:29:04",5,21.87,4.56,54.57,207.0,7.29,25.42,1012.63,70.0,0.94
"Thu, 2026-05-21 21:30:06",5,18.84,3.13,31.27,152.0,7.34,25.49,1012.67,70.0,1.01
"Thu, 2026-05-21 21:31:06",4,17.93,0.0,35.54,219.0,7.2,25.35,1012.58,69.53,1.77
"Thu, 2026-05-21 21:32:04",5,16.58,0.0,38.48,180.0,7.46,24.97,1012.72,69.39,
"Thu, 2026-05-21 21:33:07",4,11.58,0.0,22.5,178.0,7.17,25.41,1012.66,70.98,
"Thu, 2026-05-21 21:34:47",5,,,,199.0,7.1,25.59,1012.55,70.0,0.93
"Thu, 2026-05-21 21:36:03",5,12.66,0.0,31.51,172.0,6.96,25.52,1012.64,70.0,2.06
"Thu, 2026-05-21 21:38:07",4,19.22,4.21,42.51,182.0,7.22,25.64,1012.65,69.54,0.46
"Thu, 2026-05-21 21:40:46",5,15.06,0.0,31.68,229.0,7.49,25.71,1012.66,70.0,2.02
"Thu, 2026-05-21 21:41:46",5,14.44,0.0,23.27,129.0,,25.56,1012.75,70.0,2.25
"Thu, 2026-05-21 21:42:44",5,13.85,0.0,31.73,420.0,7.02,25.57,1012.7,70.0,2.31
"Thu, 2026-05-21 21:43:43",5,19.38,0.0,46.52,189.0,7.32,25.38,1012.59,70.0,2.32
"Thu, 2026-05-21 21:44:48",5,8.15,0.0,39.87,420.0,7.15,25.47,1012.58,69.93,1.72
"Thu, 2026-05-21 21:45:53",5,19.49,3.19,31.57,174.0,7.54,25.52,1012.65,70.0,2.66
"Thu, 2026-05-21 21:50:45",5,12.28,3.34,47.53,250.0,7.46,,1012.68,70.0,42.0
"Thu, 2026-05-21 21:51:48",5,7.9,0.0,37.6,203.0,7.04,25.68,1012.73,70.0,2.79
"Thu, 2026-05-21 21:52:49",5,10.07,,36.2,125.0,,25.68,1012.77,70.0,0.0
"Thu, 2026-05-21 21:53:47",5,6.8,0.0,36.24,147.0,7.13,25.68,1012.78,70.0,2.34
"Thu, 2026-05-21 21:54:42",5,14.75,2.62,44.59,190.0,7.06,25.69,1012.64,70.0,36.37
"Thu, 2026-05-21 21:55:47",5,8.71,0.0,42.41,155.0,,25.91,1012.73,,0.2
"Thu, 2026-05-21 21:56:46",5,12.82,1.04,37.19,198.0,7.41,25.83,1012.69,70.0,1.32
"Thu, 2026-05-21 21:57:48",5,12.82,1.04,37.19,198.0,7.41,25.83,1012.69,70.0,1.32
"Thu, 2026-05-21 21:58:48",5,9.64,0.0,,154.0,7.17,25.6,1012.56,70.0,1.05
"Thu, 2026-05-21 21:59:49",5,0.0,0.0,29.45,160.0,6.87,25.94,1012.68,70.0,2.3
"Thu, 2026-05-21 22:00:52",5,7.2,0.0,43.03,205.0,7.15,25.84,1012.58,,1.22
"Thu, 2026-05-21 22:01:49",5,32.0,0.0,62.09,133.0,7.37,25.89,1012.62,70.0,2.61
"Thu, 2026-05-21 22:02:54",5,20.53,4.16,52.07,210.0,7.02,26.1,1012.63,70.0,2.51
"Thu, 2026-05-21 22:03:52",5,14.13,3.86,54.56,211.0,7.5,25.91,1012.68,70.0,1.45
"Thu, 2026-05-21 22:04:47",4,12.41,0.0,30.12,166.0,7.16,26.04,1012.75,70.76,2.98
"Thu, 2026-05-21 22:05:44",5,9.03,0.0,46.27,149.0,7.3,25.88,1012.67,69.63,23.6
"Thu, 2026-05-21 22:06:41",4,10.12,0.0,37.94,202.0,7.19,,1012.64,,0.08
"Thu, 2026-05-21 22:07:37",4,9.02,0.0,35.16,174.0,7.05,25.85,1012.55,70.65,0.72
"Thu, 2026-05-21 22:08:50",5,9.35,48.575329282279995,56.27,146.0,7.35,26.05,1012.7,,2.49
"Thu, 2026-05-21 22:10:23",5,12.55,44.80354903734901,33.42,232.0,7.16,26.12,1012.14,70.0,0.4
"Thu, 2026-05-21 22:11:25",5,7.24,0.0,38.31,162.0,7.12,26.23,1012.6,70.0,0.0
"Thu, 2026-05-21 22:12:20",4,,0.0,34.15,126.0,6.84,26.02,1012.63,69.03,2.82
"Thu, 2026-05-21 22:13:21",5,11.64,27.217208253132412,46.5,191.0,7.5,26.07,1012.66,70.0,1.72
"Thu, 2026-05-21 22:14:25",5,5.62,0.0,25.88,182.0,7.27,26.08,1012.64,70.0,3.21
"Thu, 2026-05-21 22:15:20",5,0.0,3.87,45.1,221.0,7.47,26.15,1012.71,70.0,
"Thu, 2026-05-21 22:16:19",5,6.06,0.0,21.73,174.0,,26.08,1012.7,70.0,1.41
"Thu, 2026-05-21 22:17:19",4,0.0,0.0,43.25,194.0,7.46,25.96,1012.74,68.87,3.22
"Thu, 2026-05-21 22:18:24",4,8.04,0.0,35.84,191.0,7.16,26.11,1012.7,69.7,1.66
"Thu, 2026-05-21 22:19:55",4,4.81,0.0,47.49,15.0,7.02,26.25,1012.67,69.83,0.21
"Thu, 2026-05-21 22:20:57",4,0.18,1.5,40.19,175.0,7.4,26.26,1012.65,71.39,2.77
"Thu, 2026-05-21 22:21:53",5,0.0,0.0,31.3,191.0,7.29,26.36,1012.7,70.0,0.78
"Thu, 2026-05-21 22:22:57",4,7.373058745809438,0.0,36.88,179.0,7.18,26.42,1012.66,68.67,0.27
"Thu, 2026-05-21 22:23:53",4,0.0,0.0,26.26,179.0,7.4,26.28,1012.68,69.75,2.28
"Thu, 2026-05-21 22:24:54",4,8.79,0.0,48.75,187.0,7.32,26.17,1012.7,70.56,2.08
"Thu, 2026-05-21 22:25:53",4,,0.0,26.02,149.0,7.38,26.42,1012.68,70.02,1.91
"Thu, 2026-05-21 22:26:50",5,7.94,0.0,30.41,204.0,7.08,26.4,1012.69,70.0,0.51
"Thu, 2026-05-21 22:27:54",4,2.19,0.0,42.57,428.0,7.44,26.39,1012.63,70.65,0.7
"Thu, 2026-05-21 22:29:03",5,4.05,,57.82,167.0,7.27,26.58,1012.75,70.0,1.14
"Thu, 2026-05-21 22:30:06",4,6.07,0.0,36.17,248.0,7.46,26.51,1012.61,69.87,1.17
"Thu, 2026-05-21 22:36:01",4,7.61,0.0,39.71,156.0,7.44,26.49,1012.7,69.35,0.28
"Thu, 2026-05-21 22:36:56",4,6.43,0.0,35.15,140.0,7.39,26.52,1012.64,70.81,2.16
"Thu, 2026-05-21 22:37:58",5,0.98,3.55,13.28,197.0,7.25,26.62,1012.74,70.0,2.89
"Thu, 2026-05-21 22:38:55",4,8.51,33.48,26.07,205.0,7.39,26.45,1012.73,68.76,2.78
"Thu, 2026-05-21 22:39:51",5,3.65,0.0,32.42,186.0,8.75120166167121,26.45,1012.67,70.0,2.43
"Thu, 2026-05-21 22:40:54",4,3.52,0.0,28.28,205.0,7.38,26.55,1012.77,70.24,0.65
"Thu, 2026-05-21 22:45:22",5,0.0,0.0,21.78,190.0,7.3,26.45,,70.0,1.14
"Thu, 2026-05-21 22:46:18",4,5.74,1.41,44.53,405.0,7.39,26.61,1012.73,69.56,2.52
"Thu, 2026-05-21 22:51:11",5,5.03,0.0,39.01,182.0,7.17,26.65,1012.63,70.0,0.41
"Thu, 2026-05-21 22:52:09",5,5.03,0.0,39.67,162.0,7.54,26.65,1012.7,70.0,0.57
"Thu, 2026-05-21 22:53:17",4,5.16,0.0,28.52,175.0,6.96,26.63,1012.62,69.78,1.42
"Thu, 2026-05-21 22:54:19",4,1.69,0.0,37.94,188.0,7.27,26.89,1012.67,69.78,42.11
"Thu, 2026-05-21 22:55:14",5,3.38,3.9,40.82,196.0,7.19,26.83,1012.67,70.0,2.96
"Thu, 2026-05-21 22:57:08",4,7.97,0.0,31.19,206.0,7.15,26.72,1012.73,70.87,1.81
"Thu, 2026-05-21 22:58:05",4,7.68,0.0,44.11,165.0,7.32,26.77,1012.63,70.43,1.88
"Thu, 2026-05-21 22:59:00",5,3.87,,,212.0,7.06,26.94,1012.86,70.0,1.96
"Thu, 2026-05-21 22:59:55",4,9.76,0.0,41.38,245.0,7.65,26.72,1012.59,69.38,2.22
"Thu, 2026-05-21 23:00:51",5,,0.0,49.84,185.0,7.02,26.7,1012.69,69.97,1.02
"Thu, 2026-05-21 23:01:55",5,2.91,0.79,47.91,229.0,7.09,26.86,1012.69,70.0,2.21
"Thu, 2026-05-21 23:02:53",5,5.37,0.0,49.9,205.0,7.08,26.9,1012.71,70.0,2.63
"Thu, 2026-05-21 23:03:50",4,0.0,0.0,43.46,244.0,7.3,26.93,1012.64,69.26,2.38
"Thu, 2026-05-21 23:04:50",5,5.49,0.0,,196.0,7.45,26.99,1012.69,70.0,0.89
"Thu, 2026-05-21 23:05:52",5,23.39,3.9,32.03,187.0,7.36,26.67,1012.64,70.0,0.76
"Thu, 2026-05-21 23:06:49",4,1.34,1.52,,198.0,7.53,26.49,1012.79,65.85,2.79
"Thu, 2026-05-21 23:07:50",5,0.0,0.0,20.58,173.0,7.12,26.37,1012.64,70.0,3.11
"Thu, 2026-05-21 23:08:51",5,4.06,0.0,36.99,194.0,7.38,26.61,1012.66,70.0,0.3
"Thu, 2026-05-21 23:09:56",5,10.31,0.0,37.29,217.0,7.21,26.53,,70.0,0.12
"Thu, 2026-05-21 23:11:54",4,3.12,0.65,47.27,186.0,7.31,26.39,1012.63,70.38,1.07
"Thu, 2026-05-21 23:12:59",4,6.5,0.0,,179.0,7.47,26.6,1012.59,69.52,1.85
"Thu, 2026-05-21 23:14:59",5,12.91,,28.76,189.0,6.96,26.54,1012.71,70.0,0.85
"Thu, 2026-05-21 23:15:58",5,6.09,0.0,46.8,203.0,7.62,26.79,1012.63,66.51,0.83
"Thu, 2026-05-21 23:16:55",5,2.0,,34.74,202.0,7.24,26.6,1012.63,70.0,2.33
"Thu, 2026-05-21 23:17:51",4,0.86,0.0,45.42,182.0,6.98,26.66,1012.62,69.4,0.92
"Thu, 2026-05-21 23:18:47",5,4.68,0.0,45.7,192.0,7.14,26.58,1012.69,70.0,2.99
"Thu, 2026-05-21 23:19:49",4,1.6,,50.7,187.0,7.28,26.51,1012.67,71.34,1.43
"Thu, 2026-05-21 23:20:51",4,0.52,0.0,29.0,159.0,7.14,26.52,1012.68,68.17,1.12
"Thu, 2026-05-21 23:21:47",5,8.13,0.0,47.39,195.0,6.9,26.71,1012.63,70.0,2.43
"Thu, 2026-05-21 23:22:48",4,4.15,0.01,16.38,200.0,7.28,26.67,1012.7,70.88,0.16
"Thu, 2026-05-21 23:23:43",4,1.36,0.0,53.4,196.0,7.14,,1012.63,,0.17
"Thu, 2026-05-21 23:24:47",4,3.07,0.0,39.15,175.0,7.38,26.43,1012.68,70.29,1.37
"Thu, 2026-05-21 23:26:10",5,3.05,0.19,39.5,180.0,7.07,26.43,1012.67,70.0,1.57
"Thu, 2026-05-21 23:27:08",4,7.3,,22.11,179.0,7.67,26.7,,70.43,1.17
"Thu, 2026-05-21 23:28:10",5,8.68,1.03,32.65,149.0,7.36,26.36,1012.8,70.0,2.59
"Thu, 2026-05-21 23:30:18",5,14.13,0.0,49.39,186.0,7.3,26.67,1012.71,70.0,3.07
"Thu, 2026-05-21 23:31:20",5,3.05,0.0,31.94,218.0,7.38,26.62,1012.68,70.0,0.29
"Thu, 2026-05-21 23:32:18",5,3.22,1.65,39.87,186.0,6.94,26.59,1012.69,70.0,0.37
"Thu, 2026-05-21 23:33:18",5,6.74,0.0,33.24,232.0,7.18,26.51,1012.8,66.24,1.56
"Thu, 2026-05-21 23:34:14",5,2.29,0.0,49.94,180.0,7.59,26.71,1012.74,70.0,3.0
"Thu, 2026-05-21 23:35:14",5,2.45,0.47,35.24,185.0,7.21,26.58,1012.69,,0.88
"Thu, 2026-05-21 23:36:09",5,3.22,2.06,25.01,,7.25,26.39,1012.63,70.0,1.39
"Thu, 2026-05-21 23:38:49",5,0.0,0.0,37.68,175.0,7.18,26.42,1012.64,70.0,0.66
"Thu, 2026-05-21 23:39:46",5,5.11,0.0,52.26,154.0,7.53,26.36,1012.57,70.0,2.7
"Thu, 2026-05-21 23:40:44",4,3.82,0.0,45.09,143.0,7.22,26.7,1012.65,69.95,0.72
"Thu, 2026-05-21 23:42:50",5,9.13,0.0,36.43,420.0,7.04,26.73,1012.71,69.91,1.62
"Thu, 2026-05-21 23:44:32",4,4.49,0.0,57.45,196.0,7.73,26.69,1012.71,68.52,0.0
"Thu, 2026-05-21 23:45:28",5,0.29,0.0,127.57,165.0,7.02,26.54,1012.71,70.0,9.65
"Thu, 2026-05-21 23:46:24",4,1.6,,47.9,162.0,7.25,26.38,1012.64,69.33,8.46
"Thu, 2026-05-21 23:47:22",5,0.0,0.0,,194.0,7.11,,1012.71,,54.79
"Thu, 2026-05-21 23:49:19",5,0.44,0.0,45.37,145.0,5.5,26.43,1012.72,64.59,9.04
"Thu, 2026-05-21 23:50:15",5,6.9,1.41,43.02,186.0,7.08,,1012.54,,3.49
"Thu, 2026-05-21 23:51:20",4,6.34,0.0,13.34,185.0,7.17,26.71,,69.88,5.93
"Thu, 2026-05-21 23:52:25",5,7.91,0.0,46.81,45.0,7.44,26.71,1012.8,,8.46
"Thu, 2026-05-21 23:53:25",5,0.0,0.13,36.26,197.0,6.92,27.5,1012.66,70.0,12.58
"Thu, 2026-05-21 23:54:36",4,2.1,,31.69,200.0,7.49,26.28,1012.52,69.34,6.35
"Thu, 2026-05-21 23:55:32",5,3.01,2.87,35.88,168.0,7.46,26.4,1012.62,70.0,4.38
"Thu, 2026-05-21 23:56:29",5,8.02,1.72,24.61,,7.36,26.68,1012.56,70.0,8.04
"Thu, 2026-05-21 23:57:24",5,7.03,0.0,17.27,225.0,7.29,26.57,1012.64,70.0,10.12
"Thu, 2026-05-21 23:58:22",4,5.0,0.0,48.35,194.0,7.32,26.5,1012.6,69.32,7.84
"Thu, 2026-05-21 23:59:17",5,15.52,6.68,44.29,181.0,7.52,26.49,1012.73,70.0,12.46
"Fri, 2026-05-22 00:00:12",5,,1.16,8.85,198.0,6.95,26.45,1012.72,70.0,6.9
"Fri, 2026-05-22 00:01:09",4,7.26,0.0,34.67,162.0,7.4,26.39,1012.69,70.26,11.04
"Fri, 2026-05-22 00:02:07",5,13.48,7.77,41.72,189.0,7.13,26.78,1012.75,70.0,12.71
"Fri, 2026-05-22 00:03:12",5,5.58,0.0,33.9,178.0,7.41,26.74,1012.64,70.0,60.19
"Fri, 2026-05-22 00:06:33",5,12.85,0.75,47.47,,7.16,26.43,1012.68,69.71,6.82
"Fri, 2026-05-22 00:07:34",5,11.2,,45.4,209.0,7.39,26.32,1012.81,70.0,15.02
"Fri, 2026-05-22 00:08:35",5,14.59,,42.49,135.0,6.99,26.55,1012.71,,4.58
"Fri, 2026-05-22 00:10:26",4,9.89,0.0,128.0,210.0,6.96,26.51,1013.2,69.89,12.15
"Fri, 2026-05-22 00:11:25",5,11.04,0.0,3.23,172.0,7.25,26.6,1012.63,70.0,6.93
"Fri, 2026-05-22 00:12:25",5,12.63,0.0,40.38,0.0,7.52,26.63,1012.65,64.38,4.56
"Fri, 2026-05-22 00:13:26",5,8.52,0.0,50.13,159.0,7.36,26.38,1012.61,70.0,13.1
"Fri, 2026-05-22 00:14:28",5,8.37,0.32,,183.0,7.36,26.67,1012.77,70.0,5.2
"Fri, 2026-05-22 00:15:24",5,12.5,0.0,56.79,186.0,7.42,26.48,1012.58,70.0,13.82
"Fri, 2026-05-22 00:16:20",5,10.74,0.52,54.22,202.0,7.19,26.59,1012.73,70.0,8.01
"Fri, 2026-05-22 00:17:15",4,12.72,2.1,44.25,,7.38,26.48,1012.71,70.46,
"Fri, 2026-05-22 00:18:16",5,7.66,,50.63,145.0,7.16,26.63,1012.58,,5.16
"Fri, 2026-05-22 00:19:12",5,7.56,0.0,50.92,193.0,7.21,26.23,1012.74,70.0,12.6
"Fri, 2026-05-22 00:20:11",5,3.24,,41.29,202.0,7.23,26.6,1012.66,,6.39
"Fri, 2026-05-22 00:21:14",4,8.17,1.06,65.65,193.0,7.17,26.41,1012.59,,5.59
"Fri, 2026-05-22 00:22:15",4,13.0,0.0,22.97,187.0,7.25,26.52,1012.7,70.95,5.8
"Fri, 2026-05-22 00:23:10",4,11.9,3.3,30.22,126.0,7.22,26.66,1012.62,69.99,10.15
"Fri, 2026-05-22 00:24:15",5,9.59,0.0,45.96,159.0,7.14,26.41,1012.66,,6.51
"Fri, 2026-05-22 00:25:19",5,,0.0,45.29,218.0,7.24,26.39,1012.64,70.0,14.04
"Fri, 2026-05-22 00:26:19",4,9.19,0.0,25.68,190.0,,26.46,1012.62,70.98,2.85
"Fri, 2026-05-22 00:27:55",5,13.11,0.0,36.42,424.0,7.07,26.45,1012.6,70.0,5.28
"Fri, 2026-05-22 00:28:53",5,12.66,1.29,28.64,152.0,7.34,26.37,1012.72,70.0,8.91
"Fri, 2026-05-22 00:31:22",4,15.06,3.45,51.2,217.0,7.18,26.51,1012.69,69.67,5.03
"Fri, 2026-05-22 00:32:24",5,8.62,0.0,58.93,169.0,7.3,26.52,1012.69,70.0,11.4
"Fri, 2026-05-22 00:33:21",5,4.57,1.4,60.0,205.0,7.15,26.55,1012.65,70.0,13.57
"Fri, 2026-05-22 00:34:16",4,14.83,0.0,26.28,190.0,7.45,26.4,1012.68,70.98,10.03
"Fri, 2026-05-22 00:35:12",5,11.95,,23.53,187.0,,26.38,1012.63,63.69,14.35
"Fri, 2026-05-22 00:37:17",5,14.71,0.0,23.24,199.0,7.08,26.48,1012.63,70.0,13.27
"Fri, 2026-05-22 00:38:20",4,14.22,0.0,56.28,176.0,7.36,26.46,1012.78,,4.9
"Fri, 2026-05-22 00:39:21",4,15.54,0.0,44.38,227.0,7.53,26.46,1012.73,70.76,5.76
"Fri, 2026-05-22 00:40:18",5,11.38,4.81,42.03,,7.1,26.4,1012.64,70.0,10.52
"Fri, 2026-05-22 00:41:21",4,10.76,0.0,24.928159059210373,176.0,7.11,,1012.58,68.42,16.15
"Fri, 2026-05-22 00:42:24",5,4.37,0.0,35.91,118.0,7.4,26.37,1012.57,70.0,14.16
"Fri, 2026-05-22 00:43:22",5,10.29,3.79,28.09,175.0,7.03,26.47,1012.64,70.0,11.5
"Fri, 2026-05-22 00:44:25",5,7.28,0.0,42.12,215.0,7.13,26.45,1012.68,,4.64
"Fri, 2026-05-22 00:46:16",5,9.95,0.0,33.45,201.0,7.08,26.48,1012.68,,12.47
"Fri, 2026-05-22 00:47:13",5,9.4,4.49,19.25,420.0,7.4,26.62,1012.68,70.0,11.2
"Fri, 2026-05-22 00:48:17",5,10.86,0.0,43.41,185.0,7.14,26.32,1012.69,70.0,43.5
"Fri, 2026-05-22 00:50:19",5,8.87,5.75,31.58,226.0,7.21,26.19,1012.61,70.0,10.76
"Fri, 2026-05-22 00:51:19",5,12.49,,34.33,191.0,7.13,26.4,1012.76,70.0,3.99
"Fri, 2026-05-22 00:52:55",5,0.0,1.0,35.65,167.0,7.47,26.34,1012.66,69.64,11.91
"Fri, 2026-05-22 00:53:53",5,9.88,2.56,42.54,205.0,7.11,26.11,1012.38,70.0,8.44
"Fri, 2026-05-22 00:54:52",4,12.27,0.0,35.28,210.0,7.01,26.68,1012.63,70.2,8.97
"Fri, 2026-05-22 00:55:51",5,15.76,0.0,25.56,200.0,7.01,26.54,1012.69,70.0,9.42
"Fri, 2026-05-22 00:56:52",5,11.78,0.0,36.47,174.0,7.39,26.55,1012.8,70.0,13.38
"Fri, 2026-05-22 00:57:56",4,15.32,0.0,35.1,196.0,7.4,26.43,1012.61,69.48,163.02167201222997
"Fri, 2026-05-22 00:58:53",4,7.25,0.0,34.77,241.0,7.49,26.52,1012.61,68.42,3.23
"Fri, 2026-05-22 01:00:20",5,,0.0,46.03,196.0,7.04,26.41,1012.62,70.0,3.59
"Fri, 2026-05-22 01:01:17",5,11.07,3.81,21.01,147.0,7.5,26.56,1012.65,70.0,8.09
"Fri, 2026-05-22 01:02:13",5,9.2,0.24,128.0,640.0,7.7,26.48,1012.64,62.15,12.25
"Fri, 2026-05-22 01:03:17",5,6.48,5.14,127.71,167.0,7.21,26.46,1012.61,70.0,10.34
"Fri, 2026-05-22 01:04:20",5,7.41,0.0,27.65,165.0,7.16,26.46,1012.67,70.0,9.81
"Fri, 2026-05-22 01:05:18",5,5.32,0.0,28.0,131.0,7.26,26.63,1012.77,69.78,10.11
"Fri, 2026-05-22 01:06:17",4,12.24,0.0,27.42,232.0,7.36,26.48,1012.66,69.62,13.94
"Fri, 2026-05-22 01:07:21",5,9.25,2.94,44.68,162.0,7.36,26.33,1012.67,70.0,3.92
"Fri, 2026-05-22 01:08:16",4,6.8,0.0,38.83,157.0,7.16,26.49,1012.69,69.37,9.08
"Fri, 2026-05-22 01:09:14",5,9.53,0.0,69.49,135.0,7.16,26.51,1012.71,69.42,12.92
"Fri, 2026-05-22 01:10:12",5,10.48,0.0,44.14,205.0,7.21,27.24,1012.76,69.74,8.52
"Fri, 2026-05-22 01:11:13",4,5.89,0.0,50.05,182.0,7.13,26.44,1012.69,68.37,6.71
"Fri, 2026-05-22 01:12:15",5,3.22,0.0,47.39,175.0,7.04,26.32,1012.67,70.0,11.08
"Fri, 2026-05-22 01:13:11",5,11.06,4.73,35.45,176.0,7.59,,1012.61,67.88,6.61
"Fri, 2026-05-22 01:14:09",4,2.43,0.0,40.29,201.0,7.19,26.3,1012.72,69.26,9.98
"Fri, 2026-05-22 01:15:05",4,9.48,0.0,52.35,176.0,7.2,26.41,1012.62,71.58,12.25
"Fri, 2026-05-22 01:16:03",4,14.6,0.0,48.21,131.0,7.21,26.36,1012.62,69.12,4.75
"Fri, 2026-05-22 01:17:01",4,14.15,0.0,28.14,148.0,7.25,27.36,1012.69,69.34,14.02
"Fri, 2026-05-22 01:18:03",5,10.24,0.0,41.98,150.0,7.34,26.63,1012.77,68.77,4.45
"Fri, 2026-05-22 01:18:58",5,16.15,0.0,61.91,191.0,7.18,26.3,1012.72,70.0,8.88
"Fri, 2026-05-22 01:20:02",5,15.52,0.42,57.41,207.0,7.47,26.44,1012.67,69.94,4.98
"Fri, 2026-05-22 01:21:08",5,0.0,1.33,61.09,220.0,7.37,26.4,1012.61,70.0,10.76
"Fri, 2026-05-22 01:22:04",4,7.96,0.82,45.92,125.0,7.23,26.49,1012.76,69.18,14.86
"Fri, 2026-05-22 01:23:05",4,13.12,0.0,60.95,194.0,7.15,26.44,1012.67,69.16,6.31
"Fri, 2026-05-22 01:24:11",5,6.41,1.0,123.61,168.0,7.46,26.38,1012.66,70.0,14.86
"Fri, 2026-05-22 01:25:09",5,11.92,57.26,71.26,257.0,7.24,26.44,1012.71,69.44,11.47
"Fri, 2026-05-22 01:26:14",5,7.43,0.0,44.79,,7.04,26.4,1012.65,69.82,12.95
"Fri, 2026-05-22 01:27:50",4,6.78,0.0,35.54,,7.45,26.62,1012.63,68.86,10.63
"Fri, 2026-05-22 01:28:55",5,6.58,0.0,60.63,,7.14,26.33,1012.63,69.62,10.28
"Fri, 2026-05-22 01:29:56",5,,,,,7.42,26.46,1012.63,70.0,13.08
"Fri, 2026-05-22 01:30:58",5,5.61,0.0,45.74,,6.81,26.48,1012.61,70.0,12.86
"Fri, 2026-05-22 01:32:37",4,8.83,0.0,33.07,,7.2,26.47,1012.6,69.2,13.94
"Fri, 2026-05-22 01:33:36",4,7.16,3.77,70.38,,7.47,26.38,1012.73,69.8,5.49
"Fri, 2026-05-22 01:34:35",5,10.82,0.0,43.75,,7.27,26.58,1012.71,70.0,3.81
"Fri, 2026-05-22 01:39:25",5,22.83,2.24,70.75,,7.37,26.17,1012.62,69.47,10.58
"Fri, 2026-05-22 01:40:22",5,11.31,0.0,48.45,175.0,7.1,26.28,1012.73,70.0,4.76
"Fri, 2026-05-22 01:42:15",4,5.03,0.0,43.23,137.0,,26.49,1012.69,69.97,7.93
"Fri, 2026-05-22 01:43:18",5,1.49,0.0,68.79,147.0,7.27,26.31,1012.65,69.03,13.33
"Fri, 2026-05-22 01:44:14",5,7.41,1.7,55.66,190.0,7.31,26.3,1012.6,69.03,10.87
"Fri, 2026-05-22 01:45:18",5,17.56,0.0,57.52,215.0,7.63,26.35,1012.69,68.99,14.65
"Fri, 2026-05-22 01:46:28",5,11.84,0.0,40.14,216.0,7.5,26.31,1012.79,64.54,
"Fri, 2026-05-22 01:47:28",5,0.0,0.0,50.41,218.0,7.41,26.48,1012.67,69.23,6.44
"Fri, 2026-05-22 01:49:32",4,11.44,0.0,57.87,208.0,7.41,26.51,1012.73,70.07,6.79
"Fri, 2026-05-22 01:51:04",5,9.92,0.0,43.1,186.0,7.1,26.42,1012.66,70.0,12.7
"Fri, 2026-05-22 01:52:04",5,2.57,2.87,48.42,216.0,7.6,26.53,1012.73,69.59,38.01
"Fri, 2026-05-22 01:53:06",5,12.14,2.05,50.9,156.0,6.99,26.24,1012.66,68.95,25.92
"Fri, 2026-05-22 01:54:02",5,6.75,3.57,56.1,173.0,7.04,26.41,1012.53,69.96,26.87
"Fri, 2026-05-22 01:55:02",5,7.01,3.29,72.62,227.0,7.11,26.56,1012.63,69.74,61.76
"Fri, 2026-05-22 01:56:02",5,7.4,0.0,54.03,157.0,7.26,26.52,1012.68,69.39,19.96
"Fri, 2026-05-22 01:57:03",5,11.31,0.0,51.87,183.0,7.05,26.57,1012.74,69.5,37.92
"Fri, 2026-05-22 01:58:00",5,4.65,0.0,84.47,200.0,7.26,26.32,1012.66,70.0,37.96
"Fri, 2026-05-22 01:59:02",5,1.31,0.0,51.71,186.0,7.24,26.5,1012.68,69.01,47.29
"Fri, 2026-05-22 02:00:11",5,8.4,3.63,56.88,213.0,7.06,26.34,1012.64,68.86,24.61
"Fri, 2026-05-22 02:01:48",5,0.1,0.0,61.56,222.0,7.54,26.46,1012.77,70.0,42.21
"Fri, 2026-05-22 02:02:46",5,6.19,0.0,60.77,196.0,7.03,26.55,1012.76,69.49,36.3
"Fri, 2026-05-22 02:03:44",4,13.84,0.0,64.77,226.0,7.47,26.29,1012.63,70.76,25.09
"Fri, 2026-05-22 02:04:40",5,9.25,0.0,65.83,0.0,6.86,26.16,1012.58,69.76,44.77
"Fri, 2026-05-22 02:05:44",5,10.86,2.57,57.45,180.0,7.24,26.61,1012.57,69.8,44.11
"Fri, 2026-05-22 02:07:46",5,9.37,0.0,62.85,244.0,7.05,26.44,1012.71,70.0,28.9
"Fri, 2026-05-22 02:09:38",5,15.62,0.0,66.4,232.0,7.15,26.37,1012.02,68.85,36.48
"Fri, 2026-05-22 02:10:39",5,5.12,2.31,43.33,152.0,7.59,26.36,1012.63,70.0,41.41
"Fri, 2026-05-22 02:14:32",5,8.56,0.56,76.92,183.0,7.2,26.13,1012.69,69.64,32.6
"Fri, 2026-05-22 02:15:29",5,5.62,0.0,51.03,187.0,,26.4,1012.6,70.0,29.16
"Fri, 2026-05-22 02:16:34",4,13.35,3.77,49.47,202.0,7.35,26.31,1012.72,69.8,19.01
"Fri, 2026-05-22 02:17:32",5,6.92,0.0,36.64,216.0,7.2,26.38,1012.65,69.96,40.73
"Fri, 2026-05-22 02:18:33",5,13.14,1.84,41.01,230.0,7.29,26.38,1012.61,69.64,18.94
"Fri, 2026-05-22 02:19:34",5,5.25,0.0,63.44,185.0,7.1,25.97,1012.65,70.0,21.62
"Fri, 2026-05-22 02:20:29",5,12.02,0.7,73.31,212.0,7.11,26.43,1012.65,69.71,30.67
"Fri, 2026-05-22 02:21:24",5,9.16,0.0,46.59,,7.12,26.39,1012.7,70.0,22.4
"Fri, 2026-05-22 02:22:39",4,8.68,0.0,55.9,187.0,7.41,26.41,1012.74,71.37,15.43
"Fri, 2026-05-22 02:23:37",5,8.96,0.63,54.62,141.0,7.23,26.35,1012.74,69.69,18.88
"Fri, 2026-05-22 02:24:34",4,7.12,0.0,66.06,196.0,7.08,26.37,1012.68,69.71,40.54
"Fri, 2026-05-22 02:26:00",5,8.28,2.09,70.56,199.0,7.29,26.39,1012.66,70.0,26.97
"Fri, 2026-05-22 02:27:03",5,6.3,,,194.0,7.28,26.4,1012.64,70.0,44.35
"Fri, 2026-05-22 02:28:04",5,4.56,0.0,49.29,159.0,7.37,26.42,1012.57,68.4,40.26
"Fri, 2026-05-22 02:29:00",5,5.83,0.42,58.81,233.0,7.18,26.39,1012.67,,26.76
"Fri, 2026-05-22 02:30:05",5,1.1,0.0,58.1,188.0,7.25,26.58,1012.62,69.13,26.45
"Fri, 2026-05-22 02:31:23",5,9.93,0.0,46.04,155.0,7.34,26.27,1012.75,70.0,24.01
"Fri, 2026-05-22 02:32:27",5,2.65,0.0,37.15,370.0,7.08,26.31,1012.66,69.8,45.21
"Fri, 2026-05-22 02:33:24",5,6.2,0.0,41.44,201.0,7.43,26.56,1012.72,61.44,33.59
"Fri, 2026-05-22 02:34:23",5,11.54,1.17,65.48,201.0,7.27,26.34,1012.64,70.0,41.29
"Fri, 2026-05-22 02:35:22",5,9.87,0.0,59.09,172.0,7.07,26.46,1012.63,64.17,40.48
"Fri, 2026-05-22 02:36:20",4,0.0,0.0,45.88,210.0,7.07,26.37,,69.13,21.6
"Fri, 2026-05-22 02:37:15",4,8.21,0.19,53.61,195.0,,26.32,1012.69,67.71,43.32
"Fri, 2026-05-22 02:38:16",4,7.67,0.0,63.61,192.0,7.17,26.47,1012.69,69.25,37.93
"Fri, 2026-05-22 02:39:19",4,8.3,0.0,34.33,170.0,7.4,26.41,1012.67,67.79,26.65
"Fri, 2026-05-22 02:40:24",5,11.58,1.94,42.67,208.0,7.21,26.16,1012.72,69.67,41.67
"Fri, 2026-05-22 02:41:27",4,5.07,0.0,60.11,194.0,7.32,26.36,1012.71,71.13,31.99
"Fri, 2026-05-22 02:42:28",5,0.0,0.0,78.83,198.0,7.11,26.22,1012.54,69.92,29.01
"Fri, 2026-05-22 02:43:30",4,9.31,1.1,90.8,168.0,7.26,26.49,1012.66,69.19,23.46
"Fri, 2026-05-22 02:45:03",4,5.99,0.0,49.65,171.0,7.5,26.55,1012.73,68.89,17.306208670022
"Fri, 2026-05-22 02:46:20",5,0.67,0.0,74.38,186.0,7.24,26.56,1012.61,70.0,34.48
"Fri, 2026-05-22 02:47:25",5,6.26,0.0,70.96,207.0,7.17,26.38,1012.57,70.0,18.95
"Fri, 2026-05-22 02:48:23",5,11.11,1.45,61.06,210.0,7.11,26.28,1012.67,70.0,27.73
"Fri, 2026-05-22 02:50:14",5,2.37,0.0,76.22,198.0,7.26,26.37,1012.7,,19.77
"Fri, 2026-05-22 02:51:15",4,12.78,0.0,78.98,172.0,7.52,26.22,1012.65,69.99,29.4
"Fri, 2026-05-22 02:52:17",5,3.83,0.0,78.78,164.0,7.02,26.61,1012.75,70.0,
"Fri, 2026-05-22 02:53:15",5,7.06,0.55,73.34,183.0,7.26,26.47,1012.78,69.41,37.73
"Fri, 2026-05-22 02:54:18",4,2.85,0.0,60.03,188.0,6.96,26.37,1012.56,71.02,16.45
"Fri, 2026-05-22 02:55:16",5,6.88,0.85,59.66,420.0,7.19,26.45,1012.66,69.16,17.05
"Fri, 2026-05-22 02:56:17",5,6.25,4.18,67.83,172.0,7.31,26.27,1012.58,70.0,16.39
"Fri, 2026-05-22 02:57:56",5,1.49,,125.61,174.0,6.98,26.19,1012.59,70.0,40.43
"Fri, 2026-05-22 02:58:57",5,16.59,3.14,79.25,235.0,7.19,26.06,1012.68,69.3,26.47
"Fri, 2026-05-22 03:00:17",5,4.95,0.0,76.16,223.0,7.32,26.33,,69.76,29.82
"Fri, 2026-05-22 03:01:19",4,1.7,0.0,60.73,149.0,7.29,26.3,1012.52,,15.74
"Fri, 2026-05-22 03:02:18",5,10.05,0.0,74.88,221.0,7.33,26.38,1012.48,70.0,23.02
"Fri, 2026-05-22 03:03:22",5,13.0,0.35,83.69,156.0,7.09,26.32,1012.69,70.0,40.23
"Fri, 2026-05-22 03:04:21",4,9.0,0.0,82.23,,7.32,26.37,1012.68,69.56,25.48
"Fri, 2026-05-22 03:05:16",4,4.46,0.0,73.57,174.0,7.16,26.41,1012.6,68.45,37.9
"Fri, 2026-05-22 03:06:11",5,7.36,,47.66,182.0,7.39,26.14,1012.54,70.0,19.85
"Fri, 2026-05-22 03:07:12",5,0.02,0.0,73.22,199.0,6.85,26.42,1012.67,69.88,27.48
"Fri, 2026-05-22 03:08:57",5,9.75,0.0,70.97,186.0,7.21,26.26,1012.78,69.89,
"Fri, 2026-05-22 03:09:59",5,0.86,0.0,4.2,199.0,7.28,26.37,1012.6,70.0,17.59
"Fri, 2026-05-22 03:14:27",5,3.76,0.1,69.45,174.0,7.51,26.43,1012.54,69.64,21.57
"Fri, 2026-05-22 03:19:19",5,6.55,0.0,88.59,193.0,7.28,26.43,1012.69,69.48,17.94
"Fri, 2026-05-22 03:23:11",4,9.76,0.0,73.06,212.0,7.3,26.32,1012.55,69.17,36.45
"Fri, 2026-05-22 03:24:16",5,,0.26,93.81,149.0,7.33,26.33,1012.59,70.0,29.98
"Fri, 2026-05-22 03:25:20",4,9.52,1.64,58.37,189.0,7.49,26.41,1012.46,70.53,28.7
"Fri, 2026-05-22 03:26:16",4,6.91,0.0,76.26,187.0,7.2,26.12,1012.6,69.85,
"Fri, 2026-05-22 03:27:16",5,8.76,0.0,55.75,166.0,7.01,26.19,1012.54,,20.75
"Fri, 2026-05-22 03:28:55",4,,0.0,73.99,171.0,6.98,26.26,1012.69,,39.23
"Fri, 2026-05-22 03:29:56",5,12.43,0.0,65.63,174.0,7.39,26.14,1012.56,70.0,
"Fri, 2026-05-22 03:30:55",5,3.66,0.0,85.74,178.0,7.31,26.26,1012.66,,17.02
"Fri, 2026-05-22 03:31:57",5,,0.64,71.98,228.0,7.22,26.25,1012.61,70.0,43.86
"Fri, 2026-05-22 03:32:53",5,13.52,0.06,93.93,236.0,7.16,26.3,1012.62,69.98,23.94
"Fri, 2026-05-22 03:35:00",5,8.23,,72.16,116.0,7.3,26.28,1012.65,69.72,32.63
"Fri, 2026-05-22 03:36:00",4,9.86,0.0,57.09,443.0,7.3,26.42,1012.61,68.58,32.79
"Fri, 2026-05-22 03:36:55",4,0.0,0.0,66.6,212.0,7.35,26.36,1012.58,69.65,40.12
"Fri, 2026-05-22 03:37:55",4,5.81,0.0,80.97,168.0,7.07,26.28,1012.57,71.27,21.36
"Fri, 2026-05-22 03:38:53",4,10.11,0.68,92.23,185.0,6.95,26.25,1012.65,69.38,22.95
"Fri, 2026-05-22 03:39:56",4,8.15,0.0,78.15,220.0,7.1,26.28,1012.5,68.55,41.21
"Fri, 2026-05-22 03:40:59",4,5.22,0.14,72.45,152.0,7.02,26.28,1012.72,69.72,40.87
"Fri, 2026-05-22 03:41:55",4,5.35,0.0,77.8,205.0,7.01,26.58,1012.62,68.46,43.47
"Fri, 2026-05-22 03:43:47",5,0.0,0.0,76.12,233.0,7.55,26.11,1012.6,70.0,20.3
"Fri, 2026-05-22 03:45:27",4,7.93,0.0,100.84,141.0,6.86,26.17,1012.63,70.22,30.17
"Fri, 2026-05-22 03:46:23",4,0.79,0.0,91.79,,7.35,26.15,1012.58,69.45,59.86
"Fri, 2026-05-22 03:47:21",5,10.26,0.0,78.1,,7.43,26.31,1012.61,66.23,18.25
"Fri, 2026-05-22 03:48:26",5,10.43,0.0,72.62,210.0,7.44,26.3,1012.55,68.98,16.48
"Fri, 2026-05-22 03:49:31",5,4.62,0.0,78.34,214.0,7.32,26.2,1011.36,69.23,38.55
"Fri, 2026-05-22 03:51:06",4,5.92,0.0,82.69,194.0,7.5,26.38,1012.61,69.87,19.48
"Fri, 2026-05-22 03:52:10",5,5.5,0.0,72.09,185.0,7.59,26.31,1012.63,68.84,25.41
"Fri, 2026-05-22 03:53:06",5,7.1,4.27,69.85,141.0,7.21,26.38,1012.7,70.0,20.3
"Fri, 2026-05-22 03:54:06",5,2.22,0.0,89.11,219.0,7.35,26.41,1012.57,69.55,32.42
"Fri, 2026-05-22 03:55:11",5,8.4,0.0,78.03,175.0,7.6,26.01,1012.61,69.44,35.92
"Fri, 2026-05-22 03:56:48",5,0.47,0.0,84.85,,7.54,26.35,1012.52,69.27,24.11
"Fri, 2026-05-22 03:57:47",5,0.0,0.0,94.25,208.0,7.73,26.11,1012.65,70.0,36.94
"Fri, 2026-05-22 03:58:47",4,31.46,4.81,88.31,192.0,7.31,26.29,1012.61,69.39,17.2
"Fri, 2026-05-22 03:59:42",5,5.44,,75.17,209.0,7.91,26.25,1012.62,68.82,
"Fri, 2026-05-22 04:00:46",4,31.71,5.81,109.9,195.0,7.74,26.26,1012.61,70.17,12.78
"Fri, 2026-05-22 04:04:09",4,3.27,1.4,83.87,190.0,7.75,28.037104205435,1012.58,68.01,3.84
"Fri, 2026-05-22 04:06:06",5,,,61.79,420.0,7.22,26.38,1012.77,70.0,9.42
"Fri, 2026-05-22 04:07:07",4,7.05,0.0,76.38,138.0,7.46,26.1,1012.62,68.61,14.69
"Fri, 2026-05-22 04:08:11",4,8.76,0.0,94.84,204.0,7.92,26.34,1012.63,69.25,5.23
"Fri, 2026-05-22 04:09:16",5,6.8,0.0,58.72,211.0,7.62,26.08,1012.55,69.09,4.15
"Fri, 2026-05-22 04:10:12",5,9.61,0.08,70.87,161.0,7.34,26.25,1012.67,69.54,13.36
"Fri, 2026-05-22 04:11:10",5,8.1,1.9,0.0,166.0,7.69,26.47,1012.61,69.74,12.02
"Fri, 2026-05-22 04:12:08",5,7.62,0.41,101.21,162.0,7.77,27.13,1012.64,69.17,4.77
"Fri, 2026-05-22 04:13:41",5,8.64,0.0,82.44,188.0,7.74,27.46,1013.05,70.0,4.42
"Fri, 2026-05-22 04:14:38",5,0.0,2.86,79.98,219.0,7.62,27.17,1012.61,70.0,12.58
"Fri, 2026-05-22 04:15:33",4,0.0,0.09,76.42,168.0,7.85,27.31,1012.58,70.03,5.85
"Fri, 2026-05-22 04:16:36",5,5.76,0.0,94.97,129.0,7.52,27.21,1012.48,70.0,6.21
"Fri, 2026-05-22 04:17:37",5,5.33,4.42,92.03,200.0,7.75,27.02,1012.59,70.0,13.75
"Fri, 2026-05-22 04:19:29",5,8.04,0.0,82.54,173.0,7.67,26.94,1012.57,68.8,11.89
"Fri, 2026-05-22 04:21:38",4,7.59,0.0,75.62,209.0,,27.08,1012.55,68.04,8.78
"Fri, 2026-05-22 04:22:37",4,8.48,0.0,86.43,0.0,7.58,27.43,1012.7,69.09,8.59
"Fri, 2026-05-22 04:23:36",4,0.0,0.0,102.01,181.0,7.59,27.17,1012.67,70.09,9.17
"Fri, 2026-05-22 04:25:00",4,3.91,0.0,83.4,164.0,7.65,27.26,1012.51,68.3,4.92
"Fri, 2026-05-22 04:25:57",4,0.0,0.0,87.62,186.0,7.6,26.96,1012.63,,15.47
"Fri, 2026-05-22 04:27:00",5,7.29,0.0,79.4,192.0,7.78,27.08,1012.57,69.51,9.09
"Fri, 2026-05-22 04:28:00",4,0.46,0.0,85.46,202.0,7.55,27.21,1012.64,70.07,10.96
"Fri, 2026-05-22 04:30:09",5,7.14,0.0,90.94,156.0,7.93,26.98,1012.57,69.74,9.9
"Fri, 2026-05-22 04:31:34",5,,0.0,112.38,202.0,7.54,27.1,1012.58,69.75,8.2
"Fri, 2026-05-22 04:32:39",5,4.55,0.0,92.26,212.0,7.81,26.99,1012.67,70.0,5.49
"Fri, 2026-05-22 04:33:36",5,9.01,0.0,89.77,198.0,,27.19,1012.67,70.0,8.23
"Fri, 2026-05-22 04:34:32",5,6.67,0.0,99.92,168.0,7.68,,1012.71,70.0,
"Fri, 2026-05-22 04:35:31",4,0.0,0.0,99.05,198.0,7.66,27.16,1012.6,70.05,12.92
"Fri, 2026-05-22 04:36:36",5,3.49,1.81,85.73,167.0,7.52,27.18,1012.53,68.75,12.67
"Fri, 2026-05-22 04:37:33",5,0.58,0.0,113.06,206.0,7.56,27.04,1012.67,70.0,3.3
"Fri, 2026-05-22 04:38:30",5,0.0,0.0,87.79,163.0,7.69,27.19,1012.67,69.29,8.45
"Fri, 2026-05-22 04:39:28",5,,0.0,91.04,206.0,7.64,26.99,1012.65,70.0,7.65
"Fri, 2026-05-22 04:40:30",5,7.76,3.37,98.8,200.0,7.86,27.13,1012.57,70.0,9.91
"Fri, 2026-05-22 04:41:25",5,7.33,2.78,0.0,215.0,7.57,,1012.55,,14.85
"Fri, 2026-05-22 04:42:29",5,7.89,0.05,101.86,210.0,7.58,26.95,1012.65,69.41,13.07
"Fri, 2026-05-22 04:43:28",5,5.73,0.0,88.02,0.0,7.35,27.31,1012.56,65.41,5.7
"Fri, 2026-05-22 04:44:27",5,4.8,0.0,95.61,147.0,7.76,27.77154127513417,1012.6,65.07,11.6
"Fri, 2026-05-22 04:45:25",5,1.99,0.0,92.35,199.0,7.75,27.1,1012.79,70.0,4.72
"Fri, 2026-05-22 04:46:30",5,,0.0,101.88,187.0,7.82,26.92,1012.74,70.0,3.6
"Fri, 2026-05-22 04:47:33",5,1.1,0.0,88.37,174.0,7.83,27.5,1012.66,70.0,64.62
"Fri, 2026-05-22 04:49:07",4,3.58,0.0,79.59,232.0,7.79,26.97,1012.58,69.51,7.35
"Fri, 2026-05-22 04:50:05",5,6.01,0.0,99.02,180.0,7.8,26.99,1012.57,70.0,9.46
"Fri, 2026-05-22 04:51:46",4,5.12,0.0,98.03,166.0,7.76,27.22,1012.66,70.27,8.77
"Fri, 2026-05-22 04:52:51",5,16.4,3.64,84.91,212.0,7.79,27.11,1012.71,70.0,10.76
"Fri, 2026-05-22 04:53:53",5,0.95,0.0,97.72,174.0,7.32,27.0,1012.59,70.0,6.85
"Fri, 2026-05-22 04:54:56",5,5.21,0.0,104.26,,7.45,26.98,1012.59,70.0,
"Fri, 2026-05-22 04:56:01",5,0.66,0.0,85.87,156.0,,27.06,1012.62,70.0,6.98
"Fri, 2026-05-22 04:57:01",5,4.27,0.0,82.69,163.0,7.88,26.81,1012.53,69.51,6.31
"Fri, 2026-05-22 04:58:02",4,8.11,4.77,96.77,159.0,7.51,26.73,1012.53,68.76,10.65
"Fri, 2026-05-22 04:59:12",4,7.3,0.98,98.63,202.0,7.54,27.04,1012.55,69.5,5.9
"Fri, 2026-05-22 05:00:31",4,5.27,0.19,74.95,163.0,7.65,26.96,1012.65,,8.34
"Fri, 2026-05-22 05:01:33",5,4.91,0.0,,137.0,7.42,26.78,1012.63,69.81,10.46
"Fri, 2026-05-22 05:02:31",4,2.63,0.0,101.05,176.0,7.72,26.68,1012.68,69.44,7.0
"Fri, 2026-05-22 05:04:19",5,0.66,1.32,67.04,168.0,7.27,27.04,1012.51,70.0,11.39
"Fri, 2026-05-22 05:05:15",4,3.07,0.0,87.89,171.0,7.44,26.86,1012.52,69.25,6.21
"Fri, 2026-05-22 05:06:13",5,4.2,0.0,101.14,216.0,7.68,26.97,1012.64,69.89,10.65
"Fri, 2026-05-22 05:07:11",5,5.78,0.0,97.09,186.0,7.43,26.88,1012.56,70.0,5.59
"Fri, 2026-05-22 05:08:10",5,,0.71,,222.0,7.88,26.9,1012.57,69.95,14.08
"Fri, 2026-05-22 05:09:14",5,4.68,0.0,88.83,182.0,7.66,26.83,1012.68,69.24,4.1
"Fri, 2026-05-22 05:10:19",5,4.61,0.0,87.27,209.0,7.85,26.89,1012.58,70.0,15.57
"Fri, 2026-05-22 05:11:17",5,0.0,0.0,,170.0,7.71,26.96,1012.59,68.4,5.7
"Fri, 2026-05-22 05:12:21",5,7.36,0.0,101.38,187.0,7.65,26.85,1012.6,69.86,11.33
"Fri, 2026-05-22 05:13:16",4,1.6,0.0,99.6,170.0,7.47,26.84,1012.6,68.83,7.37
"Fri, 2026-05-22 05:14:18",4,7.51,0.0,101.34,204.0,7.82,26.94,1012.66,70.9,5.81
"Fri, 2026-05-22 05:15:22",5,15.024290792053172,0.06,85.8,178.0,7.73,26.95,1012.54,69.99,3.56
"Fri, 2026-05-22 05:16:27",5,4.77,0.0,89.82,151.0,8.02,26.72,1012.6,70.0,3.03
"Fri, 2026-05-22 05:18:31",5,1.83,2.1,75.46,188.0,7.8,26.85,1012.69,69.88,6.4
"Fri, 2026-05-22 05:19:30",5,5.34,0.0,81.58,176.0,7.58,26.79,1012.74,69.4,10.03
"Fri, 2026-05-22 05:20:27",5,6.61,0.0,91.39,190.0,7.7,26.84,1012.53,68.83,9.73
"Fri, 2026-05-22 05:21:25",5,4.27,0.0,94.46,151.0,7.72,27.01,1012.64,70.0,10.69
"Fri, 2026-05-22 05:22:21",5,0.0,0.0,110.03,201.0,7.86,26.87,1012.6,69.36,4.64
"Fri, 2026-05-22 05:23:25",5,7.33,0.3,86.74,226.0,7.89,27.08,1012.61,69.61,11.06
"Fri, 2026-05-22 05:24:23",5,7.08,0.4,,387.0,7.62,26.84,1012.57,70.0,13.35
"Fri, 2026-05-22 05:25:18",5,4.12,0.0,0.0,,7.43,26.79,1012.66,70.0,6.36
"Fri, 2026-05-22 05:26:16",5,0.0,0.0,85.23,185.0,7.31,26.8,1012.66,69.49,11.52
"Fri, 2026-05-22 05:27:45",5,6.91,1.94,117.2,175.0,7.44,26.82,1012.77,69.58,6.43
"Fri, 2026-05-22 05:28:43",4,1.41,0.0,98.73,189.0,7.54,26.83,1012.54,68.77,6.85
"Fri, 2026-05-22 05:29:47",5,6.04,2.09,104.35,178.0,7.92,26.67,,68.62,13.1
"Fri, 2026-05-22 05:30:42",5,5.8,0.0,88.56,420.0,7.92,26.76,1012.74,70.0,10.98
"Fri, 2026-05-22 05:31:47",5,0.0,0.0,86.09,204.0,7.82,26.69,1012.61,70.0,9.2
"Fri, 2026-05-22 05:32:46",4,7.0,0.0,83.22,156.0,7.87,26.9,1012.59,70.21,7.75
"Fri, 2026-05-22 05:33:49",5,7.04,0.51,85.06,147.0,7.52,25.82,1012.63,69.97,10.03
"Fri, 2026-05-22 05:34:45",5,7.46,0.0,92.29,171.0,7.38,,1012.53,69.43,10.6
"Fri, 2026-05-22 05:39:14",5,5.63,0.0,82.13,179.0,7.47,25.95,1012.64,70.0,14.69
"Fri, 2026-05-22 05:40:15",5,0.0,0.0,90.21,184.0,7.28,25.78,1012.61,,66.6
"Fri, 2026-05-22 05:41:12",4,10.9,0.31,92.05,194.0,7.45,26.11,1012.68,71.0,5.67
"Fri, 2026-05-22 05:42:13",5,6.62,1.81,83.42,218.0,7.56,25.7,1012.67,69.95,9.77
"Fri, 2026-05-22 05:43:10",5,0.96,0.0,80.78,152.0,7.68,26.0,1012.67,70.0,10.03
"Fri, 2026-05-22 05:44:13",4,2.31,0.0,90.53,187.0,7.67,26.08,,70.36,10.97
"Fri, 2026-05-22 05:45:14",5,5.96,0.49,89.75,162.0,7.52,26.17,1012.71,67.93,4.68
"Fri, 2026-05-22 05:46:09",5,7.52,0.3,93.75,260.0,7.75,25.81,1012.65,70.0,13.4
"Fri, 2026-05-22 05:47:12",4,3.14,0.0,96.96,282.0,7.53,25.94,1012.58,68.25,10.36
"Fri, 2026-05-22 05:48:16",5,8.0,0.32,77.06,271.0,7.65,26.13,1012.57,69.77,2.13
"Fri, 2026-05-22 05:49:21",5,0.0,0.0,111.1,193.0,7.45,26.14,1012.57,70.0,31.37
"Fri, 2026-05-22 05:50:23",5,1.44,0.0,87.21,246.0,7.84,26.16,1012.65,69.66,23.27
"Fri, 2026-05-22 05:51:25",5,0.0,0.0,92.13,240.0,7.65,26.31,1012.54,68.81,29.46
"Fri, 2026-05-22 05:52:23",4,2.15,0.0,79.77,229.0,7.77,25.94,1012.63,69.92,23.09
"Fri, 2026-05-22 05:53:27",5,10.34,0.0,105.2,235.0,7.43,26.05,1012.57,66.0,22.71
"Fri, 2026-05-22 05:55:19",5,12.25,0.0,85.57,265.0,7.68,25.96,1012.54,69.5,27.61
"Fri, 2026-05-22 05:56:24",4,4.17,0.0,85.13,272.0,7.75,25.76,1012.55,70.73,20.13
"Fri, 2026-05-22 05:57:29",5,2.79,0.21,74.63,,7.28,25.99,1012.61,70.0,24.97
"Fri, 2026-05-22 05:59:32",4,2.95,0.0,87.56,210.0,7.86,25.76,1012.66,68.21,
"Fri, 2026-05-22 06:00:36",5,6.66,6.37,95.64,290.0,6.63,25.94,1012.58,68.42,49.37
"Fri, 2026-05-22 06:02:33",5,0.0,,85.99,223.0,7.88,25.83,1012.49,70.0,21.52
"Fri, 2026-05-22 06:03:38",5,2.97,0.0,85.49,192.0,7.44,26.05,1012.81,70.0,25.03
"Fri, 2026-05-22 06:04:39",5,0.0,0.95,81.6,226.0,7.68,25.91,1012.68,,
"Fri, 2026-05-22 06:06:17",4,0.95,0.47,79.59,189.0,7.93,25.79,1012.67,69.08,24.21
"Fri, 2026-05-22 06:07:19",5,2.32,0.0,83.85,265.0,7.56,26.11,1012.71,70.0,31.3
"Fri, 2026-05-22 06:08:23",4,7.46,1.04,90.72,233.0,7.65,25.93,1012.62,71.3,
"Fri, 2026-05-22 06:12:52",5,5.91,0.0,98.98,,7.64,25.95,1012.61,70.0,15.97
"Fri, 2026-05-22 06:13:49",5,2.72,2.47,92.74,195.0,7.81,25.88,1012.7,70.0,43.74
"Fri, 2026-05-22 06:14:49",4,8.3,1.7,94.68,20.0,7.44,26.14,1012.7,69.86,28.04
"Fri, 2026-05-22 06:16:54",4,5.27,0.0,93.88,233.0,7.82,26.03,1012.65,69.97,38.8
"Fri, 2026-05-22 06:17:56",4,13.21,0.0,87.13,215.0,7.6,25.93,1012.67,71.09,42.82
"Fri, 2026-05-22 06:18:57",4,1.81,0.0,65.44,274.0,7.71,25.77,1012.54,68.6,46.42
"Fri, 2026-05-22 06:21:57",4,4.75,2.35,86.71,242.0,7.67,26.3,1012.6,69.81,24.13
"Fri, 2026-05-22 06:22:54",5,10.19,0.0,83.98,205.0,7.82,26.24,1012.72,70.0,30.04
"Fri, 2026-05-22 06:23:57",5,2.91,1.56,69.11,229.0,7.71,26.17,1012.66,70.0,24.51
"Fri, 2026-05-22 06:24:56",5,0.18,0.0,75.7,300.0,7.97,25.92,1012.53,70.0,30.02
"Fri, 2026-05-22 06:25:51",5,5.68,0.0,87.76,281.0,7.89,25.94,1012.58,70.0,35.79
"Fri, 2026-05-22 06:26:55",5,8.56,6.27,73.89,254.0,7.57,26.05,1012.71,70.0,24.53
"Fri, 2026-05-22 06:27:51",5,6.05,0.0,76.6,185.0,7.96,25.89,1012.64,70.0,26.99
"Fri, 2026-05-22 06:28:53",5,4.43,0.0,103.74,264.0,7.77,25.88,1012.63,70.0,32.45
"Fri, 2026-05-22 06:30:47",5,0.0,0.52,,215.0,7.74,26.18,1012.63,70.0,22.36
"Fri, 2026-05-22 06:31:45",5,4.54,3.87,81.85,264.0,7.86,25.99,1012.61,70.0,33.55
"Fri, 2026-05-22 06:32:48",5,9.05,0.0,71.13,212.0,7.52,25.87,1012.58,70.0,25.9
"Fri, 2026-05-22 06:33:48",5,0.41,0.0,78.6,243.0,7.46,26.12,1012.89,70.0,36.16
"Fri, 2026-05-22 06:34:49",5,3.86,0.0,77.37,,7.72,25.93,1012.68,70.0,32.88
"Fri, 2026-05-22 06:35:49",5,,,,221.0,,25.76,1012.63,70.0,31.23
"Fri, 2026-05-22 06:36:47",5,2.25,0.0,84.73,246.0,8.09,25.87,1012.66,70.0,27.99
"Fri, 2026-05-22 06:38:10",5,5.55,3.26,96.84,197.0,7.57,25.94,1012.65,70.0,25.89
"Fri, 2026-05-22 06:39:06",4,3.9,0.0,94.56,291.0,7.72,26.03,1012.7,71.01,21.35
"Fri, 2026-05-22 06:40:11",4,6.22,0.0,96.25,216.0,7.75,26.02,1012.64,70.66,31.33
"Fri, 2026-05-22 06:41:09",5,1.23,0.0,67.69,203.0,7.93,26.15,1012.67,70.0,43.08
"Fri, 2026-05-22 06:42:06",4,0.0,0.3,82.84,266.0,7.53,25.97,1012.63,68.5,41.35
"Fri, 2026-05-22 06:43:10",5,5.54,0.0,87.42,262.0,7.42,25.95,1012.56,70.0,42.40471496352181
"Fri, 2026-05-22 06:44:10",4,1.06,0.0,96.16,225.0,7.96,26.15,1012.6,68.68,31.86
"Fri, 2026-05-22 06:45:08",5,11.03,6.12,100.61,202.0,7.73,26.12,1012.65,70.0,28.71
"Fri, 2026-05-22 06:46:54",4,10.59,4.85,85.08,199.0,7.86,25.98,1012.66,70.72,37.42
"Fri, 2026-05-22 06:50:36",5,11.54,0.53,94.7,203.0,7.87,26.04,1012.7,70.0,22.54
"Fri, 2026-05-22 06:52:25",5,,1.22,,0.0,7.9,25.94,1012.59,70.0,21.47
"Fri, 2026-05-22 06:53:23",4,6.17,1.98,82.98,225.0,7.64,25.86,1012.63,70.81,43.19
"Fri, 2026-05-22 06:54:23",4,6.87,0.0,80.71,250.0,7.6,26.26,1012.61,70.09,17.86
"Fri, 2026-05-22 06:55:26",5,7.18,0.93,80.05,238.0,7.35,25.94,1012.71,70.0,44.05
"Fri, 2026-05-22 07:00:30",5,3.28,2.94,73.56,249.0,9.06,26.04,1012.64,70.0,32.06
"Fri, 2026-05-22 07:01:30",5,8.98,0.0,84.39,218.0,7.72,25.82,1012.64,70.0,31.99
"Fri, 2026-05-22 07:03:29",4,3.01,0.0,65.96,220.0,7.59,26.09,1012.61,69.2,19.69
"Fri, 2026-05-22 07:04:27",5,4.93,0.0,74.9,232.0,7.51,25.86,1012.6,70.0,39.25
"Fri, 2026-05-22 07:06:06",4,0.0,0.0,83.64,190.0,7.72,26.2,1012.53,69.41,16.62
"Fri, 2026-05-22 07:10:17",5,6.72,0.0,88.22,234.0,7.95,26.22,1012.54,70.0,25.61
"Fri, 2026-05-22 07:11:13",5,3.54,0.0,90.83,210.0,7.7,26.07,1012.63,70.0,21.02
"Fri, 2026-05-22 07:12:08",4,6.18,0.0,71.44,247.0,7.51,26.02,1012.62,70.18,39.77
"Fri, 2026-05-22 07:13:05",5,5.25,1.22,103.07,420.0,7.94,25.98,1012.63,70.0,37.63
"Fri, 2026-05-22 07:14:09",5,5.05,0.0,81.75,217.0,7.57,26.0,1012.67,70.0,31.32
"Fri, 2026-05-22 07:15:05",4,3.92,0.0,87.13,213.0,7.98,26.05,1012.62,70.4,44.3
"Fri, 2026-05-22 07:16:05",4,0.0,0.0,65.56,199.0,7.66,,1012.59,70.64,
"Fri, 2026-05-22 07:17:07",4,6.09,0.0,74.81,,7.73,26.12,1012.6,70.12,42.19
"Fri, 2026-05-22 07:18:02",4,0.0,0.0,91.98,173.0,7.99,25.89,1012.63,71.04,16.98
"Fri, 2026-05-22 07:19:00",4,0.0,0.0,70.58,199.0,7.47,26.18,1012.59,69.59,23.15
"Fri, 2026-05-22 07:19:55",5,0.65,0.01,83.0,190.0,7.52,25.95,1012.68,70.0,28.27
"Fri, 2026-05-22 07:20:53",4,7.03,0.0,92.15,226.0,7.65,25.91,1012.06,69.78,44.95
"Fri, 2026-05-22 07:21:48",5,3.89,1.09,97.96,245.0,7.69,26.04,1013.21,70.0,35.65
"Fri, 2026-05-22 07:22:44",5,0.0,0.0,83.03,259.0,8.19,26.05,1012.57,70.0,20.15
"Fri, 2026-05-22 07:23:45",5,2.89,0.0,,257.0,7.55,25.79,1012.68,70.0,48.51
"Fri, 2026-05-22 07:24:50",5,8.32,1.73,70.87,248.0,7.36,25.34,1012.7,70.0,37.31
"Fri, 2026-05-22 07:25:54",4,4.43,0.0,69.64,224.0,7.41,25.74,1012.53,70.08,37.06
"Fri, 2026-05-22 07:26:50",4,4.19,0.0,96.89,227.0,7.19,25.92,1012.64,69.85,30.51
"Fri, 2026-05-22 07:27:52",4,8.75,0.36,88.41,260.0,7.32,25.93,1012.61,69.18,25.4
"Fri, 2026-05-22 07:28:51",5,7.02,0.11,84.4,262.0,7.67,26.04,1012.63,70.0,16.62
"Fri, 2026-05-22 07:29:46",5,7.81,0.0,89.18,0.0,7.33,25.91,1012.64,70.0,33.55
"Fri, 2026-05-22 07:30:44",5,0.0,,79.16,371.0,7.38,25.94,1012.48,70.0,16.97
"Fri, 2026-05-22 07:32:30",4,10.39,0.0,86.09,190.0,7.66,26.16,1012.66,69.23,88.04
"Fri, 2026-05-22 07:33:33",5,6.46,3.15,86.56,235.0,7.19,26.25,1012.68,70.0,76.92
"Fri, 2026-05-22 07:34:34",5,6.43,3.21,81.88,239.0,6.71,24.55,987.19,71.92,77.12
"Fri, 2026-05-22 07:35:29",4,12.41,0.0,91.25,219.0,7.18,25.89,1012.94,69.98,77.1
"Fri, 2026-05-22 07:36:27",4,0.0,0.0,87.18,221.0,7.23,26.05,1012.61,70.87,63.49
"Fri, 2026-05-22 07:37:24",5,4.26,0.0,108.88,204.0,6.99,25.79,1012.58,70.0,77.81
"Fri, 2026-05-22 07:39:10",5,3.27,0.0,118.92,236.0,7.35,25.91,1012.5,70.0,45.66
"Fri, 2026-05-22 07:40:11",4,7.27,48.96854416891392,111.17,243.0,7.36,25.64,1012.58,69.91,85.12
"Fri, 2026-05-22 07:41:14",5,7.99,0.0,96.23,248.0,7.29,26.04,1012.55,70.0,82.23
"Fri, 2026-05-22 07:42:13",5,3.93,0.98,89.28,265.0,7.37,25.87,1012.64,70.0,49.94
"Fri, 2026-05-22 07:43:08",4,4.7,0.0,92.74,232.0,7.37,26.02,1012.52,70.12,50.47
"Fri, 2026-05-22 07:44:07",5,6.06,0.0,92.8,204.0,7.08,26.31,1012.56,70.0,120.0
"Fri, 2026-05-22 07:45:10",5,3.34,0.0,83.33,196.0,7.37,26.19,1012.58,70.0,70.7
"Fri, 2026-05-22 07:46:13",4,0.75,0.0,103.08,263.0,7.42,25.91,1012.66,69.72,69.66
"Fri, 2026-05-22 07:47:17",4,6.44,0.0,68.07,268.0,7.03,25.88,1012.78,70.88,71.31
"Fri, 2026-05-22 07:48:19",4,8.91,2.2,91.67,232.0,7.58,26.16,1012.63,70.41,65.52
"Fri, 2026-05-22 07:49:14",4,8.91,2.2,91.67,232.0,7.58,26.16,1012.63,70.41,65.52
"Fri, 2026-05-22 07:50:19",5,3.64,0.0,82.56,420.0,7.12,26.12,1012.58,70.0,63.38
"Fri, 2026-05-22 07:51:21",5,0.0,0.0,91.37,257.0,7.36,26.33,1012.66,70.0,66.5
"Fri, 2026-05-22 07:52:23",5,3.71,0.0,100.43,420.0,7.42,26.08,1012.54,70.0,64.58
"Fri, 2026-05-22 07:53:23",5,1.58,2.64,101.82,225.0,7.46,26.14,1012.68,70.0,87.87
"Fri, 2026-05-22 07:54:22",5,3.78,,96.12,196.0,7.42,26.13,1012.63,70.0,43.99
"Fri, 2026-05-22 07:55:26",5,1.88,0.0,92.57,220.0,7.23,25.93,1012.61,70.0,80.7
"Fri, 2026-05-22 07:56:25",5,4.16,0.32,103.49,262.0,7.34,26.04,1012.51,70.0,58.36
"Fri, 2026-05-22 07:57:24",4,0.0,0.0,126.03,228.0,7.26,25.89,1012.67,70.27,80.38
"Fri, 2026-05-22 07:58:27",4,0.0,0.0,100.99,222.0,7.35,26.16,1012.57,68.77,60.18
"Fri, 2026-05-22 07:59:26",5,,0.0,115.26,,7.33,25.87,1012.63,70.0,62.4
"Fri, 2026-05-22 08:00:21",5,0.84,0.0,97.89,207.0,7.23,26.09,1012.61,70.0,64.14
"Fri, 2026-05-22 08:01:25",5,0.0,0.0,117.37,263.0,7.26,26.14,1012.52,70.0,67.14
"Fri, 2026-05-22 08:02:27",4,7.9,0.0,127.88,,6.99,25.94,1012.6,70.18,58.11
"Fri, 2026-05-22 08:04:08",5,7.43,2.65,100.16,224.0,7.47,25.91,1012.54,70.0,58.23
"Fri, 2026-05-22 08:05:06",4,5.41,,125.5,427.0,7.37,25.98,1012.58,69.37,69.15
"Fri, 2026-05-22 08:06:02",5,5.29,0.0,109.49,209.0,6.91,25.89,1012.64,70.0,23.98
"Fri, 2026-05-22 08:07:03",5,6.77,0.0,110.37,222.0,7.46,26.02,1012.66,70.0,35.24
"Fri, 2026-05-22 08:08:07",5,9.04,0.0,111.65,219.0,7.31,25.89,1012.61,70.0,24.46
"Fri, 2026-05-22 08:09:04",5,5.72,2.23,108.47,205.0,7.15,25.9,1012.56,70.0,37.79
"Fri, 2026-05-22 08:10:05",4,0.63,0.0,123.65,263.0,7.14,26.07,1012.58,70.04,40.08
"Fri, 2026-05-22 08:11:10",5,2.38,0.0,109.35,210.0,7.2,26.08,1012.58,70.0,16.21
"Fri, 2026-05-22 08:12:06",5,6.67,0.0,111.75,166.0,7.15,25.97,1012.49,70.0,22.94
"Fri, 2026-05-22 08:13:11",5,2.04,0.0,104.96,266.0,7.18,25.8,1012.62,70.0,18.73
"Fri, 2026-05-22 08:14:09",4,10.51,0.0,113.86,185.0,7.63,26.14,1012.52,69.49,27.4
"Fri, 2026-05-22 08:16:00",4,3.07,0.0,100.8,243.0,7.39,25.95,1012.62,69.5,13.43
"Fri, 2026-05-22 08:17:04",4,3.37,2.75,108.23,194.0,7.69,26.25,1012.53,70.44,41.7
"Fri, 2026-05-22 08:21:00",5,8.17,0.44,126.95,236.0,7.36,25.99,1012.54,70.0,27.96
"Fri, 2026-05-22 08:22:01",5,,0.0,82.04,220.0,7.42,26.02,1012.2991440735257,70.0,34.54
"Fri, 2026-05-22 08:24:10",5,4.85,0.75,113.53,246.0,7.16,25.95,1012.9563198699889,70.0,40.73
"Fri, 2026-05-22 08:25:42",5,7.38,0.0,105.25,216.0,7.29,26.03,1012.2848373906849,70.0,33.83
"Fri, 2026-05-22 08:26:39",5,0.0,1.21,109.42,205.0,7.31,26.42,1012.3662484272458,70.0,23.26
"Fri, 2026-05-22 08:27:39",4,2.6,1.45,107.44,220.0,7.43,25.96,1012.63,70.56,37.48
"Fri, 2026-05-22 08:28:39",5,7.13,4.86,107.41,211.0,7.31,25.45,1012.58,70.0,34.97
"Fri, 2026-05-22 08:30:45",4,2.97,0.78,107.32,167.0,7.38,26.01,1012.6,69.21,23.29
"Fri, 2026-05-22 08:31:46",4,8.15,0.0,107.37,206.0,7.38,26.14,1012.63,71.41,16.23
"Fri, 2026-05-22 08:32:50",4,0.0,0.95,101.99,293.0,7.27,25.77,1012.62,69.31,36.36
"Fri, 2026-05-22 08:33:46",4,0.0,,124.3,167.0,7.25,26.23,1012.61,69.85,23.93
"Fri, 2026-05-22 08:34:49",4,7.25,0.0,105.98,252.0,7.2,26.04,1012.73,69.58,17.33
"Fri, 2026-05-22 08:35:52",5,7.26,0.0,109.07,214.0,7.52,25.97,1012.62,70.0,29.39
"Fri, 2026-05-22 08:36:48",4,2.46,1.72,98.62,277.0,7.27,26.11,1012.63,69.15,42.56
"Fri, 2026-05-22 08:37:47",4,7.79,,116.5,211.0,7.38,26.02,1012.64,70.57,
"Fri, 2026-05-22 08:39:22",4,7.36,0.0,115.46,220.0,7.29,,1012.6,68.23,40.56
"Fri, 2026-05-22 08:40:26",5,1.38,0.0,106.65,237.0,7.51,25.71,1012.58,70.0,
"Fri, 2026-05-22 08:41:42",5,1.76,,96.81,215.0,6.96,26.22,1012.65,70.0,40.78
"Fri, 2026-05-22 08:42:42",4,5.72,0.0,94.09,,7.38,25.97,1012.65,69.7,26.29
"Fri, 2026-05-22 08:44:06",4,,,,191.0,7.09,,1012.75,69.45,0.0
"Fri, 2026-05-22 08:45:05",5,0.15,1.21,94.56,212.0,7.39,25.94,1012.67,70.0,33.28
"Fri, 2026-05-22 08:46:04",5,3.54,1.21,113.21,212.0,7.29,26.18,1012.67,70.0,33.6
"Fri, 2026-05-22 08:47:04",5,,0.0,94.59,242.0,7.05,25.94,1012.67,70.0,44.92
"Fri, 2026-05-22 08:48:07",5,5.7,0.0,112.38,229.0,9.969726806407854,26.08,1012.58,70.0,44.23
"Fri, 2026-05-22 08:49:06",5,,2.92,97.22,233.0,7.36,25.96,1012.55,70.0,21.43
"Fri, 2026-05-22 08:50:23",5,2.32,0.0,,227.0,7.28,25.85,1012.56,70.0,21.98
"Fri, 2026-05-22 08:51:51",5,8.6,1.19,98.32,243.0,6.957563675054767,26.11,1012.66,,36.19
"Fri, 2026-05-22 08:52:49",5,2.34,3.3,93.13,251.0,7.35,26.13,1012.71,70.0,16.17
"Fri, 2026-05-22 08:53:50",4,1.48,0.07,107.0,219.0,7.53,,1012.67,70.39,25.58
"Fri, 2026-05-22 08:55:02",5,0.0,,104.0,239.0,7.26,26.0,1012.61,70.0,20.02
"Fri, 2026-05-22 08:56:16",5,1.73,0.0,87.73,186.0,7.5,26.01,1012.72,70.0,29.85
"Fri, 2026-05-22 08:57:19",4,6.61,0.0,98.32,,7.31,26.05,1012.6,70.97,34.11
"Fri, 2026-05-22 08:58:20",5,25.69,3.06,90.25,264.0,7.55,26.24,1012.55,70.0,18.59
"Fri, 2026-05-22 08:59:21",5,6.33,0.0,108.98,210.0,7.28,,1012.64,70.0,29.71
"Fri, 2026-05-22 09:00:21",4,8.98,4.62,110.84,234.0,7.2,25.96,1012.7,70.7,26.94
"Fri, 2026-05-22 09:01:19",5,11.54,0.11,100.35,187.0,7.12,25.98,1012.57,70.0,47.71
"Fri, 2026-05-22 09:02:21",4,0.85,0.0,102.93,181.0,5.94,25.89,1012.52,69.68,17.15
"Fri, 2026-05-22 09:03:19",5,,0.0,118.11,200.0,7.18,25.79,1012.62,70.0,
"Fri, 2026-05-22 09:04:14",5,0.56,0.7,101.16,234.0,7.57,26.02,,70.0,42.44
"Fri, 2026-05-22 09:05:12",4,1.67,0.0,95.89,214.0,7.16,26.06,1012.44,71.67,35.32
"Fri, 2026-05-22 09:06:13",5,0.82,0.0,100.45,209.0,7.2,26.0,1012.68,70.0,38.07
"Fri, 2026-05-22 09:07:39",5,4.56,0.0,91.87,199.0,7.43,25.99,1012.54,70.0,21.77
"Fri, 2026-05-22 09:08:36",4,9.07,0.0,98.67,252.0,7.53,26.589209024361576,1012.67,70.56,22.04
"Fri, 2026-05-22 09:10:36",5,9.62,0.0,96.61,239.0,7.45,26.03,1012.5,70.0,21.29
"Fri, 2026-05-22 09:11:34",4,5.38,0.0,97.44,408.0,7.51,26.02,1012.53,70.97,30.25
"Fri, 2026-05-22 09:16:09",5,11.73,0.0,95.94,234.0,7.31,26.06,1012.66,70.0,45.11
"Fri, 2026-05-22 09:17:14",4,1.08,0.0,112.39,219.0,7.31,26.04,1012.7,69.85,16.66
"Fri, 2026-05-22 09:18:09",4,0.0,0.0,107.67,198.0,7.68,26.05,1012.62,68.33,31.08
"Fri, 2026-05-22 09:22:35",5,7.92,0.0,109.92,215.0,7.62,26.16,1012.77,70.0,34.99
"Fri, 2026-05-22 09:24:23",4,2.32,0.0,102.7,217.0,7.45,26.07,1012.56,68.7,25.42
"Fri, 2026-05-22 09:25:19",5,1.59,0.0,97.54,194.0,7.52,26.06,1012.56,70.0,29.63
"Fri, 2026-05-22 09:26:19",5,6.05,0.0,73.27,229.0,7.48,,1012.6,70.0,29.33
"Fri, 2026-05-22 09:27:15",5,,,,279.0,7.1,26.13,1012.6,70.0,32.34
"Fri, 2026-05-22 09:28:20",4,4.3,0.0,81.58,221.0,7.31,25.97,1012.64,69.47,17.66
"Fri, 2026-05-22 09:29:18",5,0.1,0.68,77.4,217.0,7.59,26.01,1012.58,70.0,28.95
"Fri, 2026-05-22 09:30:20",5,4.19,3.37,98.44,214.0,7.45,25.85,1012.66,70.0,30.34
"Fri, 2026-05-22 09:31:16",4,9.85,0.27,104.46,248.0,7.31,26.25,1012.66,70.11,23.8
"Fri, 2026-05-22 09:32:17",5,4.3,0.0,93.67,175.0,7.59,25.7,1012.72,70.0,31.84
"Fri, 2026-05-22 09:33:22",5,1.33,0.0,118.38,310.0,7.39,26.18,1012.59,70.0,29.84
"Fri, 2026-05-22 09:34:24",5,0.0,0.0,102.1,240.0,7.46,26.05,1012.64,70.0,33.76
"Fri, 2026-05-22 09:35:21",5,1.4,0.0,95.75,,8.6,25.77,1012.66,70.0,
"Fri, 2026-05-22 09:36:26",5,5.61,0.0,109.34,216.0,7.42,26.25,1012.62,70.0,31.05
"Fri, 2026-05-22 09:37:21",5,5.44,0.0,114.26,201.0,7.43,26.06,1012.61,70.0,39.29
"Fri, 2026-05-22 09:38:26",5,1.43,0.0,103.37,223.0,7.55,25.72,1012.5,70.0,26.15
"Fri, 2026-05-22 09:39:28",5,0.0,0.0,92.16,216.0,7.58,25.95,1012.63,70.0,30.88
"Fri, 2026-05-22 09:40:23",5,5.7,2.28,90.61,221.0,7.24,26.07,1012.66,70.0,30.05
"Fri, 2026-05-22 09:41:24",5,1.09,0.0,81.29,189.0,7.38,26.21,1012.62,70.0,26.59
"Fri, 2026-05-22 09:42:21",5,6.64,0.0,98.51,203.0,7.55,25.95,1012.58,70.0,39.14
"Fri, 2026-05-22 09:43:16",4,3.64,1.06,91.24,253.0,7.3,25.68,1012.52,70.01,41.65
"Fri, 2026-05-22 09:44:11",4,2.33,0.0,95.66,197.0,,26.18,1012.65,69.58,20.24
"Fri, 2026-05-22 09:50:08",5,4.77,3.58,105.49,148.0,7.16,26.06,1012.62,70.0,29.58
"Fri, 2026-05-22 09:54:22",5,12.48,0.0,78.77,210.0,7.17,25.73,1012.71,70.0,20.49
"Fri, 2026-05-22 09:55:21",5,6.85,0.0,85.86,274.0,7.24,26.04,1012.54,70.0,36.1
"Fri, 2026-05-22 09:56:16",5,4.71,0.0,128.0,235.0,5.76,26.06,1012.59,70.0,45.45
"Fri, 2026-05-22 09:57:13",5,4.88,-0.0,131.2,225.0,5.25,26.24,974.65,76.93,43.74
"Fri, 2026-05-22 09:58:17",5,0.0,0.0,95.17,213.0,7.27,25.9,1012.68,70.0,25.26
"Fri, 2026-05-22 09:59:16",5,0.3,0.0,90.13,231.0,7.55,25.93,1012.7,70.0,15.75
"Fri, 2026-05-22 10:00:18",4,0.0,0.0,91.45,128.0,7.12,25.96,1012.74,69.86,29.01
"Fri, 2026-05-22 10:01:20",5,10.29,0.0,82.33,192.0,7.36,26.04,1012.65,70.0,29.61
"Fri, 2026-05-22 10:02:52",4,10.7,0.0,89.78,237.0,7.42,26.1,1012.67,70.0,44.17
"Fri, 2026-05-22 10:03:49",5,5.61,,88.29,,7.12,25.74,1012.65,70.0,29.35
"Fri, 2026-05-22 10:04:44",5,4.71,0.0,87.77,258.0,7.39,26.03,1012.66,70.0,43.22
"Fri, 2026-05-22 10:05:44",5,0.0,0.0,95.51,193.0,6.91,26.06,1012.63,70.0,27.01
"Fri, 2026-05-22 10:06:41",5,3.46,0.0,95.07,296.0,7.37,26.02,1012.66,70.0,
"Fri, 2026-05-22 10:07:42",5,10.51,4.54,101.15,291.0,6.97,,1012.75,70.0,35.45
"Fri, 2026-05-22 10:08:39",4,5.21,0.0,90.8,307.0,7.29,26.17,1012.64,70.63,21.25
"Fri, 2026-05-22 10:09:44",4,1.39,0.0,77.4,280.0,7.42,26.16,1012.62,71.11,20.99
"Fri, 2026-05-22 10:10:41",5,0.0,0.0,107.66,282.0,7.37,25.96,1012.63,70.0,13.69
"Fri, 2026-05-22 10:11:42",5,,0.0,95.1,271.0,6.92,25.99,1012.61,70.0,35.68
"Fri, 2026-05-22 10:12:47",4,5.55,0.0,85.77,279.0,7.13,26.09,1012.64,69.05,22.34
"Fri, 2026-05-22 10:13:42",4,0.83,0.0,98.65,282.0,7.34,26.16,1012.61,69.56,44.65
"Fri, 2026-05-22 10:14:47",5,,0.0,100.6,267.0,7.34,25.9,1012.69,70.0,42.16
"Fri, 2026-05-22 10:15:44",5,0.0,0.0,109.0,232.0,7.26,25.88,1012.69,70.0,34.62
"Fri, 2026-05-22 10:17:36",5,3.77,0.0,92.44,247.0,6.82,26.03,1012.574801861977,70.0,28.34
"Fri, 2026-05-22 10:19:32",4,3.86,0.0,105.91,256.0,7.43,25.87,,69.42,17.06
"Fri, 2026-05-22 10:20:34",5,2.47,0.0,82.01,221.0,7.46,25.77,1012.96,70.0,31.75
"Fri, 2026-05-22 10:21:36",4,2.76,0.65,93.02,234.0,7.24,25.9,1013.02,70.75,14.4
"Fri, 2026-05-22 10:23:06",4,3.7,0.0,89.53,250.0,7.26,26.05,1012.85,70.49,25.62
"Fri, 2026-05-22 10:24:06",4,8.05,0.0,97.41,283.0,7.31,26.19,1012.98,69.96,16.78
"Fri, 2026-05-22 10:25:03",5,2.98,0.0,110.19,269.0,7.48,25.92,1013.07,70.0,29.89
"Fri, 2026-05-22 10:26:04",5,14.89,0.0,13.25,218.0,7.26,25.99,1013.03,70.0,29.62
"Fri, 2026-05-22 10:27:06",4,2.32,1.59,81.55,317.0,7.18,26.02,1013.02,69.41,31.62
"Fri, 2026-05-22 10:28:32",5,1.07,0.0,79.75,241.0,7.28,25.92,1013.0,70.0,36.54
"Fri, 2026-05-22 10:29:27",5,0.64,0.0,108.3,257.0,7.21,25.91,1012.91,70.0,24.75
"Fri, 2026-05-22 10:30:31",5,3.49,0.0,103.64,246.0,7.21,26.04,1012.9,70.0,25.06
"Fri, 2026-05-22 10:31:33",5,0.0,0.0,95.4,310.0,6.9,25.86,,70.0,27.63
"Fri, 2026-05-22 10:32:47",4,4.15,0.0,89.38,290.0,6.87,27.4,1012.88,70.45,37.28
"Fri, 2026-05-22 10:33:47",5,0.0,0.0,95.91,265.0,6.86,25.98,1013.0,70.0,15.12
"Fri, 2026-05-22 10:34:44",5,0.0,0.0,95.91,265.0,6.86,25.98,1013.0,70.0,15.12
"Fri, 2026-05-22 10:35:42",5,0.0,0.0,92.97,282.0,6.71,25.82,1012.97,70.0,23.55
"Fri, 2026-05-22 10:36:41",5,2.9,3.33,83.87,246.0,6.9,25.99,1013.0,70.0,21.13
"Fri, 2026-05-22 10:37:58",4,8.34,1.16,87.35,297.0,6.84,25.85,1012.97,69.52,32.23
"Fri, 2026-05-22 10:39:00",4,12.02,0.0,92.28,258.0,6.95,25.92,1012.98,70.12,0.0
"Fri, 2026-05-22 10:40:02",5,0.46,1.8,59.64,290.0,6.56,26.1,1012.82,70.0,0.83
"Fri, 2026-05-22 10:42:01",5,3.71,0.0,83.62,289.0,6.56,25.99,1012.97,70.0,0.67
"Fri, 2026-05-22 10:42:59",5,1.7,4.8,81.34,262.0,6.62,26.2,1012.92,70.0,1.63
"Fri, 2026-05-22 10:44:04",5,1.19,0.0,92.42,226.0,6.52,25.99,1012.95,70.0,1.58
"Fri, 2026-05-22 10:45:41",4,0.0,3.35,90.86,265.0,6.45,26.12,1012.96,69.87,0.59
"Fri, 2026-05-22 10:46:46",4,8.107579918027794,4.14,107.97,247.0,6.77,26.1,1012.9,63.69,2.01
"Fri, 2026-05-22 10:47:45",5,2.52,0.0,95.18,279.0,6.76,26.0,1012.88,69.95,0.19
"Fri, 2026-05-22 10:48:46",5,,3.3,92.47,271.0,6.73,,1012.9,,0.9
"Fri, 2026-05-22 10:49:48",5,5.69,0.0,94.16,263.0,6.75,25.99,1012.86,70.0,1.73
"Fri, 2026-05-22 10:50:46",5,0.7,0.0,95.52,245.0,6.42,25.94,1012.88,70.0,1.98
"Fri, 2026-05-22 10:52:48",5,2.95,0.0,99.33,307.0,6.6,25.93,1012.89,70.0,0.17
"Fri, 2026-05-22 10:53:44",5,,0.0,,266.0,6.63,26.02,1012.86,70.0,0.25
"Fri, 2026-05-22 10:54:45",4,8.48,,96.96,332.0,6.69,25.83,1012.98,69.8,1.47
"Fri, 2026-05-22 10:55:44",5,0.0,0.0,66.2,278.0,6.42,25.9,1012.23,70.0,1.29
"Fri, 2026-05-22 10:56:47",5,,0.0,,286.0,6.52,25.88,1013.05,70.0,2.43
"Fri, 2026-05-22 10:57:46",4,2.32,1.41,101.09,283.0,6.61,25.97,1012.92,68.94,2.39
"Fri, 2026-05-22 10:58:41",4,3.76,0.0,87.92,284.0,6.88,25.91,,70.25,0.2
"Fri, 2026-05-22 10:59:37",4,6.98,0.0,75.98,306.0,6.73,25.92,1013.04,70.76,2.16
"Fri, 2026-05-22 11:00:35",4,9.24,,98.25,294.0,6.87,26.02,1012.96,70.41,
"Fri, 2026-05-22 11:01:33",5,6.09,0.0,75.0,233.0,4.592633693053548,25.95,1012.86,70.0,2.67
"Fri, 2026-05-22 11:02:33",4,3.06,0.0,94.55,285.0,6.68,26.0,1012.98,70.04,0.4
"Fri, 2026-05-22 11:04:13",5,7.01,0.0,49.07,290.0,6.77,25.87,1012.95,70.0,2.76
"Fri, 2026-05-22 11:05:08",4,0.0,0.0,112.05,277.0,6.65,25.9,1012.93,71.12,0.72
"Fri, 2026-05-22 11:06:09",4,0.0,0.0,72.69,,6.57,26.25,1013.04,71.36,1.04
"Fri, 2026-05-22 11:07:09",4,5.69,0.0,87.55,331.0,6.42,25.92,1012.89,70.52,0.93
"Fri, 2026-05-22 11:08:05",4,0.0,0.0,66.33,322.0,6.58,25.75,1013.01,70.04,1.18
"Fri, 2026-05-22 11:09:38",5,4.0,0.0,83.37,264.0,6.84,26.04,1012.92,70.0,1.14
"Fri, 2026-05-22 11:10:35",4,5.01,2.24,80.53,231.0,6.91,25.92,1012.95,70.06,0.55
"Fri, 2026-05-22 11:11:32",4,4.94,0.0,97.52,310.0,6.55,26.03,1012.9,70.16,2.11
"Fri, 2026-05-22 11:12:33",4,6.48,0.0,79.2,311.0,6.37,25.99,1012.91,69.59,1.86
"Fri, 2026-05-22 11:13:33",5,7.14,0.0,100.23,226.0,6.85,26.07,1012.92,70.0,1.73
"Fri, 2026-05-22 11:14:37",5,4.91,0.0,75.44,304.0,6.7,25.99,1012.83,70.0,1.5
"Fri, 2026-05-22 11:15:36",5,2.69,,79.18,271.0,6.44,25.97,1012.97,70.0,0.44
"Fri, 2026-05-22 11:16:37",5,4.61,0.93,28.75,232.0,6.12,26.14,1012.95,70.0,1.7
"Fri, 2026-05-22 11:18:26",5,2.15,1.53,91.5,289.0,6.51,25.74,1012.86,70.0,2.21
"Fri, 2026-05-22 11:19:22",5,3.54,0.58,88.41,300.0,6.6,25.84,1012.99,70.0,0.36
"Fri, 2026-05-22 11:20:23",5,13.4,0.0,94.31,268.0,6.48,25.9,1013.03,70.0,3.1
"Fri, 2026-05-22 11:21:28",5,4.87,0.0,90.05,251.0,6.81,25.8,1012.91,70.0,1.97
"Fri, 2026-05-22 11:22:29",4,6.27,6.42,99.63,316.0,6.54,25.94,1012.9,71.11,1.83
"Fri, 2026-05-22 11:23:33",5,1.76,0.0,79.78,,6.69,25.93,1013.01,70.0,1.43
"Fri, 2026-05-22 11:24:31",5,7.8,0.89,84.34,306.0,7.11,26.12,1012.97,70.0,2.03
"Fri, 2026-05-22 11:25:34",5,6.89,0.0,100.16,239.0,6.71,25.99,1012.94,70.0,1.95
"Fri, 2026-05-22 11:26:32",5,6.92,0.0,67.38,288.0,6.66,25.98,1013.0,70.0,2.56
"Fri, 2026-05-22 11:27:36",5,4.98,0.0,91.47,287.0,6.67,25.96,1012.96,70.0,18.877595077601885
"Fri, 2026-05-22 11:28:38",4,6.49,0.0,88.62,288.0,6.81,25.88,1013.03,70.72,0.73
"Fri, 2026-05-22 11:29:43",5,12.780505398789307,0.0,97.62,345.0,6.78,26.11,1012.95,,0.18
"Fri, 2026-05-22 11:31:14",5,5.22,0.0,87.96,257.0,6.5,26.15,1012.97,70.0,2.7
"Fri, 2026-05-22 11:34:52",5,3.83,5.69,83.69,290.0,6.61,25.86,1013.01,70.0,1.05
"Fri, 2026-05-22 11:35:47",5,7.36,,86.83,243.0,6.56,26.2,1012.8,70.0,1.06
"Fri, 2026-05-22 11:36:47",5,1.07,0.0,75.71,243.0,6.63,25.92,1013.02,70.0,1.19
"Fri, 2026-05-22 11:37:47",5,1.72,0.0,76.43,263.0,7.01,25.91,1012.92,70.0,
"Fri, 2026-05-22 11:38:51",5,4.05,3.2,60.41,287.0,6.8,26.06,1012.98,70.0,2.55
"Fri, 2026-05-22 11:39:46",4,1.65,0.0,70.59,336.0,6.67,26.07,1013.05,70.6,1.92
"Fri, 2026-05-22 11:40:45",5,7.13,0.0,73.92,324.0,6.91,25.99,1012.93,70.0,0.38
"Fri, 2026-05-22 11:41:43",5,0.86,0.0,76.6,268.0,6.72,25.96,1012.92,70.0,2.3
"Fri, 2026-05-22 11:42:38",5,2.58,0.0,52.96,285.0,6.39,26.14,1012.94,70.0,2.85
"Fri, 2026-05-22 11:44:32",4,3.42,0.15,102.73,318.0,6.98,25.93,1012.86,70.66,2.38
"Fri, 2026-05-22 11:45:34",5,4.37,0.0,75.8,45.0,6.66,25.99,1013.08,70.0,1.81
"Fri, 2026-05-22 11:46:29",5,3.03,1.84,110.11,273.0,6.28,26.2,1012.94,70.0,1.81
"Fri, 2026-05-22 11:47:29",5,4.0,0.0,70.91,,6.4,25.84,1013.05,70.0,2.16
"Fri, 2026-05-22 11:48:29",4,7.0,0.0,74.89,265.0,6.89,25.95,1012.93,70.12,2.33
"Fri, 2026-05-22 11:49:29",5,2.67,0.0,77.3,272.0,6.4,26.12,1012.95,70.0,2.21
"Fri, 2026-05-22 11:50:25",4,0.0,,84.88,,7.19,26.06,1013.0,68.74,1.95
"Fri, 2026-05-22 11:51:27",4,7.8,0.0,84.15,263.0,7.22,26.11,1012.88,71.02,0.16
"Fri, 2026-05-22 11:52:32",5,0.0,0.0,88.21,420.0,7.04,25.84,1012.94,70.0,1.18
"Fri, 2026-05-22 11:53:29",5,3.51,0.0,84.71,274.0,7.18,26.04,1013.0,70.0,0.07
"Fri, 2026-05-22 11:54:29",5,2.59,0.0,83.27,308.0,7.15,25.97,1012.93,70.0,9.44
"Fri, 2026-05-22 11:55:29",5,5.7,0.0,64.35,,7.08,26.27,1012.92,70.0,15.33
"Fri, 2026-05-22 11:56:28",5,0.0,0.0,53.11,251.0,6.9,26.1,1013.01,70.0,14.18
"Fri, 2026-05-22 11:57:32",4,3.69,0.0,93.31,248.0,7.15,26.0,1013.03,69.71,5.34
"Fri, 2026-05-22 11:58:29",4,3.1,2.72,65.65,242.0,6.76,26.04,1013.04,70.38,5.18
"Fri, 2026-05-22 11:59:26",5,7.98,0.0,81.78,275.0,7.26,26.01,1012.91,70.0,
"Fri, 2026-05-22 12:00:26",5,5.4,0.0,65.58,255.0,7.13,26.09,1012.91,70.0,8.25
"Fri, 2026-05-22 12:01:30",5,0.09,1.13,80.17,224.0,7.17,25.9,1012.92,70.0,12.18
"Fri, 2026-05-22 12:02:25",5,2.53,0.0,45.9,243.0,6.62,26.17,1012.99,70.0,7.69
"Fri, 2026-05-22 12:03:22",5,7.33,0.0,59.34,261.0,6.89,25.84,1012.88,70.0,5.22
"Fri, 2026-05-22 12:04:21",5,0.03,0.0,72.04,279.0,7.4,26.03,1012.88,,8.29
"Fri, 2026-05-22 12:05:21",5,3.96,5.23,69.36,224.0,6.85,25.9,1012.9,70.0,12.16
"Fri, 2026-05-22 12:08:17",4,3.64,4.63,79.79,266.0,6.68,27.09,1012.89,68.56,6.45
"Fri, 2026-05-22 12:13:09",4,1.17,0.0,60.32,263.0,6.79,26.12,1013.0,69.32,3.81
"Fri, 2026-05-22 12:14:11",4,,0.69,77.29,250.0,6.61,25.8,1013.0,70.39,10.37
"Fri, 2026-05-22 12:15:14",5,2.79,0.0,78.06,246.0,6.53,25.98,1012.92,70.0,2.97
"Fri, 2026-05-22 12:16:15",5,5.81,0.0,124.42,243.0,6.89,25.83,1012.54,70.0,11.79
"Fri, 2026-05-22 12:17:20",5,1.55,0.0,77.77,264.0,6.76,25.97,1012.8,70.0,13.32
"Fri, 2026-05-22 12:18:37",4,7.81,0.0,66.89,276.0,6.72,25.83,1012.92,69.68,6.3
"Fri, 2026-05-22 12:19:39",5,7.28,0.0,53.9,291.0,6.82,,1013.02,,13.64
"Fri, 2026-05-22 12:20:37",4,3.4,0.0,89.65,226.0,6.64,25.95,1012.92,68.49,12.62
"Fri, 2026-05-22 12:22:13",5,4.04,0.0,73.09,256.0,6.32,26.09,1012.88,70.0,3.36
"Fri, 2026-05-22 12:24:00",4,,0.0,,187.0,6.64,26.15,1013.03,68.37,5.54
"Fri, 2026-05-22 12:24:56",5,0.23,0.0,51.61,264.0,6.72,26.0,1012.88,70.0,5.73
"Fri, 2026-05-22 12:26:01",4,5.98,0.0,46.22415867288957,293.0,6.7,26.11,1013.04,70.5,4.65
"Fri, 2026-05-22 12:27:01",5,2.29,0.05,76.81,300.0,6.4,26.17,1013.12,70.0,6.05
"Fri, 2026-05-22 12:28:06",5,0.0,0.0,77.85,216.0,6.55,25.89,1012.94,70.0,14.26
"Fri, 2026-05-22 12:29:47",5,10.41,2.83,52.32,234.0,6.72,26.17,1013.02,70.0,6.33
"Fri, 2026-05-22 12:30:52",4,1.64,0.0,75.57,271.0,6.62,26.0,1012.85,70.62,14.23
"Fri, 2026-05-22 12:31:52",5,3.37,0.0,56.49,221.0,6.93,25.88,1012.84,70.0,10.61
"Fri, 2026-05-22 12:33:41",5,9.98,0.42,91.27,265.0,6.96,26.04,1012.9,70.0,8.15
"Fri, 2026-05-22 12:34:37",5,3.74,0.0,75.45,277.0,6.52,25.99,1013.0,70.0,10.71
"Fri, 2026-05-22 12:35:32",5,3.66,3.94,66.81,229.0,6.74,25.83,1012.95,70.0,11.54
"Fri, 2026-05-22 12:36:35",5,0.0,0.0,78.95,264.0,7.01,25.87,1012.94,70.0,14.63
"Fri, 2026-05-22 12:37:30",5,0.0,3.63,73.51,231.0,6.7,26.2,1012.87,70.0,3.5
"Fri, 2026-05-22 12:38:33",5,3.65,0.0,86.96,295.0,6.65,26.03,1012.94,,9.07
"Fri, 2026-05-22 12:39:35",5,5.5,0.0,69.91,266.0,6.88,,1012.91,70.0,4.02
"Fri, 2026-05-22 12:40:30",4,5.31,0.0,127.79,218.0,6.68,25.95,1012.89,68.47,5.18
"Fri, 2026-05-22 12:41:33",5,2.55,0.0,73.55,230.0,6.95,25.91,1012.89,70.0,6.14
"Fri, 2026-05-22 12:42:35",4,4.25,0.0,75.29,302.0,6.62,25.8,1012.96,70.14,10.56
"Fri, 2026-05-22 12:43:32",5,0.0,0.0,86.02,295.0,6.64,25.21,1012.9,70.0,2.43
"Fri, 2026-05-22 12:44:28",5,5.84,0.0,,242.0,6.87,26.05,1012.95,70.0,11.63
"Fri, 2026-05-22 12:45:23",4,3.3,0.0,84.13,355.0,6.74,26.0,1012.84,63.74,12.63
"Fri, 2026-05-22 12:46:25",5,11.14,0.0,65.35,242.0,6.75,26.02,1012.98,70.0,7.21
"Fri, 2026-05-22 12:49:33",5,4.26,0.0,55.75,300.0,6.38,26.13,1012.96,70.0,8.56
"Fri, 2026-05-22 12:50:35",4,2.81,0.0,73.94,180.0,6.66,25.89,1012.93,70.35,10.93
"Fri, 2026-05-22 12:51:38",4,4.19,0.0,78.76,287.0,,26.07,1012.96,70.65,4.86
"Fri, 2026-05-22 12:52:36",5,3.09,0.0,70.68,252.0,6.59,26.17,1013.0,70.0,8.4
"Fri, 2026-05-22 12:53:37",5,5.75,3.9,54.29,259.0,6.85,26.05,1012.86,70.0,4.39
"Fri, 2026-05-22 12:54:41",5,4.33,0.66,84.14,252.0,6.77,26.18,1012.95,70.0,4.88
"Fri, 2026-05-22 12:55:46",4,0.27,1.38,71.89,243.0,6.69,26.21,1012.87,69.37,10.36
"Fri, 2026-05-22 12:56:47",4,1.2,0.0,65.49,225.0,6.97,26.16,1012.95,69.57,4.93
"Fri, 2026-05-22 13:01:35",4,5.01,0.0,60.91,311.0,6.67,25.98,,70.51,8.64
"Fri, 2026-05-22 13:02:30",5,9.07,5.96,72.93,288.0,6.68,26.04,1012.95,70.0,11.37
"Fri, 2026-05-22 13:03:32",5,4.51,0.0,79.9,236.0,6.69,26.09,1013.0,70.0,11.22
"Fri, 2026-05-22 13:04:27",5,7.08,0.0,77.77,278.0,6.74,25.99,1013.0,70.0,65.29
"Fri, 2026-05-22 13:05:30",4,34.84,0.87,65.67,252.0,6.86,25.98,1008.6850419256607,70.78,3.09
"Fri, 2026-05-22 13:06:34",5,5.17,0.53,76.97,262.0,6.46,25.97,1012.92,70.0,2.66
"Fri, 2026-05-22 13:07:35",5,,0.0,82.95,299.0,6.88,26.34,1012.99,70.0,10.51
"Fri, 2026-05-22 13:09:31",4,4.37,0.11,62.43,223.0,6.74,26.0,1012.98,69.04,7.78
"Fri, 2026-05-22 13:10:31",5,8.46,0.09,71.13,284.0,6.83,26.16,1012.93,70.0,15.51
"Fri, 2026-05-22 13:11:31",4,8.64,0.43,94.02,263.0,7.16,25.93,1012.95,70.27,4.13
"Fri, 2026-05-22 13:12:31",5,6.85,0.49,63.55,256.0,6.63,26.23,1012.94,70.0,12.38
"Fri, 2026-05-22 13:13:35",5,2.61,2.08,87.03,270.0,6.51,25.98,1013.03,70.0,
"Fri, 2026-05-22 13:14:36",5,3.52,0.0,89.13,267.0,6.76,26.03,1013.0,,8.39
"Fri, 2026-05-22 13:15:39",5,3.82,0.0,124.78,232.0,6.79,25.8,1012.93,70.0,13.13
"Fri, 2026-05-22 13:16:35",5,4.05,0.0,74.11,246.0,6.88,,1012.92,70.0,13.84
"Fri, 2026-05-22 13:17:32",5,8.32,0.0,84.92,235.0,6.63,26.18,1013.0,70.0,11.41
"Fri, 2026-05-22 13:19:21",5,32.0,7.17,75.53,254.0,6.58,25.87,1013.03,70.0,4.62
"Fri, 2026-05-22 13:20:16",4,3.22,0.0,45.23,278.0,6.45,26.15,1012.97,71.29,10.41
"Fri, 2026-05-22 13:21:16",5,3.95,0.0,128.0,276.0,6.48,25.85,1012.99,70.0,13.32
"Fri, 2026-05-22 13:22:21",5,0.0,0.0,38.58,225.0,6.65,26.08,1013.03,68.29,6.92
"Fri, 2026-05-22 13:27:18",4,8.45,1.59,41.83,245.0,6.71,25.97,1012.94,68.99,3.98
"Fri, 2026-05-22 13:28:22",5,1.7,0.0,55.66,267.0,7.1,26.17,1012.95,70.0,10.24
"Fri, 2026-05-22 13:30:27",4,3.84,0.2,46.35,270.0,6.42,26.03,1012.98,69.49,11.95
"Fri, 2026-05-22 13:31:29",4,14.33,0.0,25.38,239.0,6.79,26.11,1012.92,70.03,10.54
"Fri, 2026-05-22 13:32:29",5,7.77,0.0,62.02,230.0,6.6,26.15,1013.05,70.0,6.36
"Fri, 2026-05-22 13:33:32",4,4.89,0.0,43.95,263.0,6.77,25.96,1012.92,70.9,14.57
"Fri, 2026-05-22 13:34:32",5,5.57,1.02,53.55,275.0,6.63,25.99,1012.95,70.0,13.25
"Fri, 2026-05-22 13:35:37",4,3.45,0.0,27.47,441.0,6.91,25.86,1013.06,69.99,9.44
"Fri, 2026-05-22 13:37:27",4,11.4,0.0,46.42,240.0,6.91,25.95,1012.84,70.37,4.43
"Fri, 2026-05-22 13:38:31",4,6.54,0.0,50.29,293.0,6.71,26.22,1012.96,67.75,6.72
"Fri, 2026-05-22 13:39:31",4,4.09,0.0,45.12,279.0,6.71,26.08,1012.91,70.36,9.89
"Fri, 2026-05-22 13:41:02",5,0.0,0.0,32.95,266.0,6.71,25.86,1012.95,70.0,12.18
"Fri, 2026-05-22 13:42:03",5,6.22,0.0,0.0,244.0,6.71,26.18,1012.88,70.0,6.57
"Fri, 2026-05-22 13:43:05",5,4.04,0.0,61.4,289.0,,26.03,1012.78,70.0,6.5
"Fri, 2026-05-22 13:44:01",5,0.0,5.12,46.76,275.0,6.9,26.08,1012.95,70.0,12.41
"Fri, 2026-05-22 13:45:02",5,5.73,0.0,56.3,269.0,6.59,26.03,1012.96,70.0,8.07
"Fri, 2026-05-22 13:47:07",4,3.1,0.0,61.13,230.0,6.57,26.02,1013.0,71.23,14.32
"Fri, 2026-05-22 13:48:23",4,5.02,0.0,53.14,284.0,7.12,25.73,1012.81,69.72,9.4
"Fri, 2026-05-22 13:49:24",5,5.78,0.0,44.11,280.0,6.53,26.1,1012.94,70.0,11.64
"Fri, 2026-05-22 13:50:29",5,2.1,0.0,57.77,286.0,6.65,25.7,1012.94,70.0,
"Fri, 2026-05-22 13:51:26",5,6.45,0.0,60.11,262.0,6.38,26.09,1012.94,70.0,6.4
"Fri, 2026-05-22 13:52:21",5,2.49,0.97,45.94,,6.57,26.02,1012.95,70.0,15.0
"Fri, 2026-05-22 13:53:21",5,2.72,0.0,61.64,240.0,6.55,26.13,1012.9,70.0,11.06
"Fri, 2026-05-22 13:54:24",4,1.42,8.1,28.61,185.0,6.61,26.01,1012.85,70.1,9.68
"Fri, 2026-05-22 13:55:20",4,4.19,0.0,22.42,209.0,6.78,26.04,1012.96,69.75,8.38
"Fri, 2026-05-22 13:56:21",4,3.19,0.0,56.93,188.0,6.82,26.05,1012.89,70.78,4.46
"Fri, 2026-05-22 13:57:25",5,9.04,0.0,32.61,192.0,6.54,26.23,1012.97,70.0,13.57
"Fri, 2026-05-22 13:58:25",5,10.47,2.05,67.92,211.0,6.58,26.08,1012.89,70.0,2.87
"Fri, 2026-05-22 14:01:48",5,1.65,0.0,57.93,238.0,6.92,25.85,1012.99,70.0,6.36
"Fri, 2026-05-22 14:02:46",4,1.12,0.0,60.81,242.0,7.03,25.94,1012.94,68.93,6.93
"Fri, 2026-05-22 14:03:45",5,7.89,0.0,53.36,247.0,6.95,26.08,1012.95,70.0,11.98
"Fri, 2026-05-22 14:04:46",5,3.04,1.95,39.72,215.0,,26.16,1012.93,70.0,7.4
"Fri, 2026-05-22 14:05:52",5,1.2,1.31,31.79,201.0,6.94,,1013.37,70.0,13.38
"Fri, 2026-05-22 14:06:53",5,6.42,0.0,127.55,228.0,,26.27,1012.93,70.0,12.93
"Fri, 2026-05-22 14:07:50",4,3.3,0.0,26.92,169.0,6.42,26.03,1013.02,70.14,11.9
"Fri, 2026-05-22 14:09:12",4,6.73,3.8,63.45,181.0,6.92,26.06,1012.86,70.12,8.31
"Fri, 2026-05-22 14:10:11",5,3.61,0.0,48.41,231.0,6.77,25.85,1012.91,70.0,7.98
"Fri, 2026-05-22 14:11:56",5,0.8,0.0,39.23,212.0,6.67,26.14,1013.01,70.0,13.86
"Fri, 2026-05-22 14:12:51",5,0.51,0.54,50.65,230.0,6.75,25.95,1013.0,70.0,1.76
"Fri, 2026-05-22 14:13:55",5,3.84,0.0,3.28,185.0,6.81,25.92,,70.0,1.5
"Fri, 2026-05-22 14:15:58",5,4.75,,41.34,238.0,6.93,25.97,,70.0,1.06
"Fri, 2026-05-22 14:16:59",5,5.37,0.0,60.11,223.0,6.93,26.17,1012.87,70.0,0.58
"Fri, 2026-05-22 14:18:02",4,1.53,1.14,57.42,228.0,6.45,26.06,1012.88,69.67,2.96
"Fri, 2026-05-22 14:18:59",4,4.66,0.81,48.47,221.0,6.61,25.3,1012.93,69.6,2.31
"Fri, 2026-05-22 14:19:54",5,3.92,0.13,42.01,215.0,6.74,25.94,1012.99,70.0,2.53
"Fri, 2026-05-22 14:21:47",5,0.53,0.0,0.0,185.0,7.01,26.17,1012.93,70.0,2.13
"Fri, 2026-05-22 14:23:53",4,1.3,0.77,21.43,193.0,6.24,25.98,1012.93,69.07,0.05
"Fri, 2026-05-22 14:25:05",4,0.0,0.0,0.0,201.0,6.62,26.07,1012.97,69.96,1.77
"Fri, 2026-05-22 14:26:09",4,0.0,0.0,54.87,,6.45,26.1,1012.95,69.55,0.86
"Fri, 2026-05-22 14:27:45",4,4.6,0.74,33.05,172.0,6.31,25.59,1012.92,69.88,1.52
"Fri, 2026-05-22 14:28:42",4,5.99,3.41,55.68,,6.9,26.16,1012.89,70.71,1.11
"Fri, 2026-05-22 14:29:37",4,0.0,0.0,46.7,245.0,6.63,25.9,1013.0,68.71,0.61
"Fri, 2026-05-22 14:30:38",5,0.0,0.0,37.65,233.0,6.31,25.96,1013.01,70.0,0.41
"Fri, 2026-05-22 14:31:41",5,0.63,1.36,53.89,220.0,6.7,26.19,1012.88,70.0,0.8
"Fri, 2026-05-22 14:32:43",5,4.66,2.19,36.92,227.0,7.09,26.18,1012.92,70.0,2.52
"Fri, 2026-05-22 14:33:44",5,0.03,0.0,50.86,231.0,6.4,26.06,1012.99,70.0,2.61
"Fri, 2026-05-22 14:34:42",4,0.0,0.0,21.99,200.0,6.82,26.09,1012.88,69.06,1.2
"Fri, 2026-05-22 14:35:47",5,0.0,1.04,46.9,153.0,7.01,26.12,1012.97,70.0,0.27
"Fri, 2026-05-22 14:37:39",5,3.57,0.0,48.12,235.0,6.72,26.18,1012.49,70.0,0.6
"Fri, 2026-05-22 14:39:18",5,1.31,0.0,61.39,,7.07,26.19,1012.87,70.0,2.2
"Fri, 2026-05-22 14:40:23",4,0.0,0.0,52.39,188.0,6.61,26.02,1013.05,69.42,1.03
"Fri, 2026-05-22 14:41:18",4,1.65,0.0,50.45,177.0,6.99,25.92,1012.93,69.42,2.04
"Fri, 2026-05-22 14:42:18",5,5.82,0.0,55.04,268.0,6.94,25.97,1012.98,70.0,0.67
"Fri, 2026-05-22 14:43:22",5,0.0,0.0,40.24,217.0,6.72,26.02,1012.88,70.0,2.62
"Fri, 2026-05-22 14:47:30",4,0.82,0.0,48.65,198.0,6.46,26.0,1013.04,71.04,1.77
"Fri, 2026-05-22 14:48:28",5,6.26,0.0,54.18,189.0,6.55,25.88,1013.06,70.0,0.9
"Fri, 2026-05-22 14:49:30",5,2.14,3.5,55.14,206.0,6.3,26.06,1012.86,70.0,2.54
"Fri, 2026-05-22 14:50:27",5,4.22,0.0,75.25,220.0,6.83,25.82,1012.94,70.0,1.62
"Fri, 2026-05-22 14:51:31",4,3.9,0.96,50.51,228.0,6.81,26.02,1013.03,66.93,0.91
"Fri, 2026-05-22 14:52:36",5,1.75,0.0,77.06,183.0,6.74,26.02,1012.92,70.0,1.84
"Fri, 2026-05-22 14:53:35",5,0.66,0.0,59.6,214.0,6.7,26.02,1012.97,70.0,
"Fri, 2026-05-22 14:54:35",4,5.88,0.0,56.0,187.0,6.97,26.11,1012.85,70.92,2.82
"Fri, 2026-05-22 14:55:37",5,5.95,3.53,85.76,232.0,6.78,26.09,1012.9,70.0,1.33
"Fri, 2026-05-22 14:56:36",5,5.67,0.0,73.15,208.0,6.63,26.27,1012.97,70.0,2.52
"Fri, 2026-05-22 14:57:35",5,0.0,0.0,77.61,187.0,6.75,25.94,1012.91,70.0,2.36
"Fri, 2026-05-22 14:58:35",4,4.55,0.0,74.58,223.0,7.09,26.04,1012.93,71.19,2.27
"Fri, 2026-05-22 14:59:32",5,0.62,0.0,70.8,216.0,6.84,26.03,1012.86,70.0,0.46
"Fri, 2026-05-22 15:00:28",5,0.0,0.0,65.34,194.0,6.66,26.03,1012.99,70.0,
"Fri, 2026-05-22 15:01:30",4,0.0,0.0,75.35,233.0,6.72,25.85,1012.87,69.86,3.09
"Fri, 2026-05-22 15:02:34",4,,0.0,,226.0,6.81,25.86,1013.04,70.65,1.97
"Fri, 2026-05-22 15:03:37",4,,0.0,71.22,226.0,6.65,26.01,1012.91,68.76,3.16
"Fri, 2026-05-22 15:04:35",4,0.71,0.0,89.29,246.0,6.63,25.82,1013.0,69.67,1.13
"Fri, 2026-05-22 15:05:31",5,4.81,0.0,65.75,201.0,6.72,25.96,1012.99,70.0,1.46
"Fri, 2026-05-22 15:07:30",5,2.37,0.0,53.63,164.0,7.0,25.93,1012.89,70.0,
"Fri, 2026-05-22 15:08:30",4,0.0,0.0,51.17,194.0,6.87,25.97,1012.91,69.74,1.99
"Fri, 2026-05-22 15:09:26",5,0.0,,52.6,215.0,6.65,26.14,1012.92,70.0,1.23
"Fri, 2026-05-22 15:10:26",4,1.49,0.1,65.89,212.0,6.88,25.88,1012.92,70.19,1.8
"Fri, 2026-05-22 15:11:23",5,6.48,,69.85,131.0,6.73,26.11,1012.87,70.0,
"Fri, 2026-05-22 15:12:20",5,,0.0,74.81,223.0,6.79,25.94,1012.98,,1.53
"Fri, 2026-05-22 15:13:22",5,9.09,0.0,72.25,183.0,6.77,25.95,1012.91,70.0,0.58
"Fri, 2026-05-22 15:14:23",5,0.0,0.0,78.8,227.0,6.35,26.06,1012.94,70.0,3.44
"Fri, 2026-05-22 15:15:19",5,2.89,0.0,67.55,245.0,6.18,25.97,1013.01,70.0,2.73
"Fri, 2026-05-22 15:16:23",4,0.0,2.09,62.53,257.0,6.77,25.9,1012.98,69.67,2.23
"Fri, 2026-05-22 15:17:26",4,0.0,0.51,61.83,244.0,6.57,25.96,1012.91,70.3,1.31
"Fri, 2026-05-22 15:18:26",5,1.81,0.0,86.13,236.0,6.43,25.79,1013.01,70.0,2.28
"Fri, 2026-05-22 15:19:21",4,9.64,0.15,49.7,222.0,6.58,26.05,1012.99,69.03,0.74
"Fri, 2026-05-22 15:20:25",5,4.02,,70.43,211.0,6.89,25.63,1012.91,70.0,1.73
"Fri, 2026-05-22 15:22:09",4,0.71,0.0,66.0,302.0,6.79,26.11,1012.92,67.87,
"Fri, 2026-05-22 15:23:08",5,0.0,0.0,77.82,245.0,6.87,26.08,1013.01,70.0,0.41
"Fri, 2026-05-22 15:24:12",5,0.0,0.0,65.94,0.0,6.81,26.2,1012.99,72.21151050939301,0.23
"Fri, 2026-05-22 15:25:14",5,,6.23,65.0,244.0,6.56,26.27,1012.86,70.0,2.29
"Fri, 2026-05-22 15:26:09",5,1.3,23.772612908513302,66.25,258.0,6.87,26.12,1012.89,70.0,2.24
"Fri, 2026-05-22 15:27:10",4,29.24,10.65,79.36,197.0,6.83,25.93,1012.95,71.22,0.9
"Fri, 2026-05-22 15:28:07",4,0.0,0.0,61.81,208.0,6.71,26.27,1012.88,71.5,2.21
"Fri, 2026-05-22 15:29:12",4,0.0,0.0,61.81,208.0,6.71,26.27,1012.88,71.5,2.21
"Fri, 2026-05-22 15:30:07",5,20.377754384182918,0.0,72.71,266.0,6.87,25.78,1013.06,70.0,0.49
"Fri, 2026-05-22 15:31:05",5,9.2,5.55,73.37,301.0,6.59,25.21,1012.97,70.0,2.34
"Fri, 2026-05-22 15:32:03",5,0.0,0.0,68.46,244.0,6.92,26.08,1012.89,70.0,1.86
"Fri, 2026-05-22 15:33:00",5,0.71,0.0,74.88,217.0,6.83,25.78,1012.96,70.0,0.88
"Fri, 2026-05-22 15:33:57",4,2.73,0.0,62.46,231.0,6.73,25.84,1013.01,70.07,0.04
"Fri, 2026-05-22 15:34:57",4,2.94,0.0,68.2,194.0,7.0,26.07,1012.95,68.84,0.98
"Fri, 2026-05-22 15:35:54",4,3.0,-0.0,74.63,197.0,6.87,26.65,1071.14,72.67,0.93
"Fri, 2026-05-22 15:36:52",5,9.41,0.0,68.91,161.0,,25.92,1012.9,70.0,1.51
"Fri, 2026-05-22 15:37:47",5,3.67,2.95,67.72,217.0,6.6,26.24,1012.9,70.0,0.2
"Fri, 2026-05-22 15:39:44",5,3.09,,70.18,252.0,6.79,26.26,1013.0,70.0,0.56
"Fri, 2026-05-22 15:40:48",5,9.09,0.38,72.17,236.0,6.94,26.02,1012.9,70.0,2.69
"Fri, 2026-05-22 15:41:43",5,3.46,0.0,79.25,227.0,6.55,25.99,1012.79,70.0,1.33
"Fri, 2026-05-22 15:43:25",4,5.01,0.0,67.8,195.0,7.32,26.11,1012.93,68.91,0.11
"Fri, 2026-05-22 15:44:23",5,0.89,0.43,95.18,260.0,6.61,25.94,1012.97,70.0,3.12
"Fri, 2026-05-22 15:45:21",5,0.0,0.0,66.37,246.0,6.79,25.74,1013.01,,1.14
"Fri, 2026-05-22 15:46:19",5,1.38,0.0,78.09,233.0,6.73,25.67,1013.05,,2.61
"Fri, 2026-05-22 15:47:45",4,10.03,0.0,63.03,183.0,6.73,26.0,1012.95,68.19,0.0
"Fri, 2026-05-22 15:49:26",5,5.73,0.0,82.65,221.0,6.58,26.11,1012.99,70.0,0.83
"Fri, 2026-05-22 15:50:22",5,4.48,0.0,58.21,245.0,6.92,26.01,,70.0,0.98
"Fri, 2026-05-22 15:51:22",4,0.0,0.0,75.5,24.0,6.57,26.1,1012.97,70.14,2.09
"Fri, 2026-05-22 15:52:22",4,7.82,3.88,67.03,242.0,6.41,26.11,1012.94,70.87,1.93
"Fri, 2026-05-22 15:53:18",4,0.0,0.0,71.89,274.0,6.52,26.17,1012.97,,1.12
"Fri, 2026-05-22 15:58:41",5,0.0,0.0,1.89,79.0,6.99,26.03,1012.9,70.0,2.41
"Fri, 2026-05-22 15:59:45",5,1.56,25.049676944968684,60.68,250.0,6.95,26.04,1013.07,70.0,2.45
"Fri, 2026-05-22 16:00:47",4,9.44,1.7,63.73,171.0,6.36,26.0,1012.8,69.93,1.38
"Fri, 2026-05-22 16:01:49",5,10.16,3.91,77.97,203.0,6.87,25.97,1012.98,70.0,1.78
"Fri, 2026-05-22 16:02:45",5,1.94,0.0,128.22878437101,246.0,6.37,25.82,1012.97,70.0,1.23
"Fri, 2026-05-22 16:03:47",5,1.16,0.0,56.33,251.0,6.72,26.15,1012.97,70.0,0.29
"Fri, 2026-05-22 16:04:51",5,0.0,0.0,71.35,247.0,6.51,25.96,1012.88,70.0,2.36
"Fri, 2026-05-22 16:05:49",5,3.79,0.0,59.92,,6.89,25.95,1012.85,,2.61
"Fri, 2026-05-22 16:09:14",5,4.09,1.44,80.08,226.0,6.83,25.94,1012.98,70.0,0.0
"Fri, 2026-05-22 16:10:18",4,6.71,0.0,69.28,,6.99,25.84,1013.03,70.82,0.19
"Fri, 2026-05-22 16:11:14",5,6.71,0.19,73.28,243.0,6.75,25.99,1012.96,70.0,2.48
"Fri, 2026-05-22 16:12:19",5,2.83,0.47,85.34,245.0,6.83,26.07,1013.0,70.0,0.72
"Fri, 2026-05-22 16:13:24",5,5.46,0.71,64.05,299.0,7.19,25.06,1012.92,70.0,0.13
"Fri, 2026-05-22 16:15:29",5,1.07,0.0,76.69,211.0,7.09,26.13,1012.97,70.0,1.48
"Fri, 2026-05-22 16:16:27",5,5.4,0.0,77.28,,7.04,25.96,1013.02,70.0,0.33
"Fri, 2026-05-22 16:17:32",5,1.74,0.0,61.78,202.0,7.25,25.82,1012.93,70.0,3.11
"Fri, 2026-05-22 16:18:32",5,1.72,0.0,62.21,190.0,7.43,27.32,993.69,71.52,3.11
"Fri, 2026-05-22 16:19:36",5,4.84,0.0,62.43,204.0,7.15,26.03,1012.85,70.0,2.49
"Fri, 2026-05-22 16:20:57",4,4.89,0.0,70.41,242.0,6.81,26.11,1012.91,69.78,2.17
"Fri, 2026-05-22 16:24:50",4,7.26,0.0,36.37,252.0,7.29,26.11,1012.98,70.46,2.94
"Fri, 2026-05-22 16:25:50",4,1.48,0.0,59.97,243.0,7.12,25.89,1013.06,69.14,1.12
"Fri, 2026-05-22 16:26:52",4,0.0,0.0,59.27,264.0,7.19,25.94,1012.95,68.79,1.87
"Fri, 2026-05-22 16:28:13",5,2.57,0.0,66.52,223.0,6.89,26.13,1012.89,70.0,3.01
"Fri, 2026-05-22 16:29:11",5,0.0,2.96,51.61,182.0,7.41,26.23,1013.06,70.0,2.09
"Fri, 2026-05-22 16:30:14",5,2.09,0.0,44.25,249.0,7.38,26.61,1012.94,70.0,3.07
"Fri, 2026-05-22 16:31:17",4,6.57,0.0,42.92,241.0,7.1,25.93,1012.99,69.12,
"Fri, 2026-05-22 16:32:17",5,8.1,0.0,48.78,222.0,7.23,26.21,1012.93,70.0,0.0
"Fri, 2026-05-22 16:33:36",5,4.02,1.75,49.66,223.0,,26.89,1012.96,70.0,1.13
"Fri, 2026-05-22 16:34:41",4,6.74,0.0,62.51,241.0,6.79,26.04,1012.91,69.93,1.33
"Fri, 2026-05-22 16:35:36",5,4.57,0.0,35.98,,7.16,25.95,1013.08,70.0,2.43
"Fri, 2026-05-22 16:36:34",5,1.64,0.0,67.4,243.0,6.85,26.04,1013.02,70.0,2.83
"Fri, 2026-05-22 16:37:31",4,1.7,0.28,62.8,265.0,7.26,25.89,1013.05,70.36,1.81
